2026-03-01 12:58:24.990919 | generate_to_cf_diariol CALLED: body={'company_id': 1, 'clear_previous': True}
2026-03-01 12:58:24.991421 | subcategoria_id=None (raw=None), company_id=1, clear=True
2026-03-01 12:58:25.060985 | subs_to_process count = 1: [4]
2026-03-01 13:00:38.007258 | generate_to_cf_diariol CALLED: body={'company_id': 1, 'clear_previous': True}
2026-03-01 13:00:38.007796 | subcategoria_id=None (raw=None), company_id=1, clear=True
2026-03-01 13:00:38.011399 | subs_to_process count = 1: [4]
2026-03-01 13:06:53.620605 | generate_to_cf_diariol CALLED: body={'company_id': 1, 'clear_previous': True}
2026-03-01 13:06:53.621286 | subcategoria_id=None (raw=None), company_id=1, clear=True
2026-03-01 13:06:53.628513 | subs_to_process count = 1: [4]
2026-03-01 13:42:23.701864 | generate_to_cf_diariol CALLED: body={'company_id': 1, 'clear_previous': True}
2026-03-01 13:42:23.702446 | subcategoria_id=None (raw=None), company_id=1, clear=True
2026-03-01 13:42:23.707100 | subs_to_process count = 1: [4]
2026-03-01 13:44:16.521194 | generate_to_cf_diariol CALLED: body={'company_id': 1, 'clear_previous': True}
2026-03-01 13:44:16.521748 | subcategoria_id=None (raw=None), company_id=1, clear=True
2026-03-01 13:44:16.525573 | subs_to_process count = 1: [4]
2026-03-01 13:49:32.931040 | generate_to_cf_diariol CALLED: body={'company_id': 1, 'clear_previous': True}
2026-03-01 13:49:32.931544 | subcategoria_id=None (raw=None), company_id=1, clear=True
2026-03-01 13:49:32.935447 | subs_to_process count = 1: [4]
2026-03-01 13:50:52.785014 | generate_to_cf_diariol CALLED: body={'company_id': 1, 'clear_previous': True}
2026-03-01 13:50:52.785719 | subcategoria_id=None (raw=None), company_id=1, clear=True
2026-03-01 13:50:52.791207 | subs_to_process count = 1: [4]
2026-03-01 14:01:40.425118 | generate_to_cf_diariol CALLED: body={'company_id': 1, 'clear_previous': True}
2026-03-01 14:01:40.425617 | subcategoria_id=None (raw=None), company_id=1, clear=True
2026-03-01 14:01:40.429858 | subs_to_process count = 1: [4]
2026-03-01 14:05:28.531106 | generate_to_cf_diariol CALLED: body={'company_id': 1, 'clear_previous': True}
2026-03-01 14:05:28.531548 | subcategoria_id=None (raw=None), company_id=1, clear=True
2026-03-01 14:05:28.535447 | subs_to_process count = 1: [4]
2026-03-01 14:10:47.902033 | generate_to_cf_diariol CALLED: body={'company_id': 1, 'clear_previous': True}
2026-03-01 14:10:47.902460 | subcategoria_id=None (raw=None), company_id=1, clear=True
2026-03-01 14:10:47.910550 | subs_to_process count = 1: [4]
2026-03-01 14:28:51.161515 | generate_to_cf_diariol CALLED: body={'company_id': 1, 'clear_previous': True}
2026-03-01 14:28:53.654428 | generate_to_cf_diariol CALLED: body={'company_id': 1, 'clear_previous': True}
2026-03-01 14:28:54.484554 | generate_to_cf_diariol CALLED: body={'company_id': 1, 'clear_previous': True}
2026-03-01 14:46:38.525957 | generate_to_cf_diariol CALLED: body={'company_id': 1, 'clear_previous': True}
2026-03-01 14:46:38.526372 | subcategoria_id=None (raw=None), company_id=1, clear=True
2026-03-01 14:46:38.530460 | subs_to_process count = 1: [4]
2026-03-01 14:52:49.245143 | generate_to_cf_diariol CALLED: body={'company_id': 1, 'clear_previous': True}
2026-03-01 14:52:50.853865 | generate_to_cf_diariol CALLED: body={'company_id': 1, 'clear_previous': True}
2026-03-01 14:53:01.146982 | generate_to_cf_diariol CALLED: body={'company_id': 1, 'clear_previous': True}
2026-03-01 14:54:19.575265 | generate_to_cf_diariol CALLED: body={'company_id': 1, 'subcategoria_id': 4}
2026-03-01 14:55:22.732784 | generate_to_cf_diariol CALLED: body={'company_id': 1, 'subcategoria_id': 4}
2026-03-01 14:56:12.914014 | generate_to_cf_diariol CALLED: body={'company_id': 1, 'subcategoria_id': 4}
2026-03-01 14:56:39.091091 | generate_to_cf_diariol CALLED: body={'company_id': 1, 'subcategoria_id': 4}
2026-03-01 14:57:05.774274 | generate_to_cf_diariol CALLED: body={'company_id': 1, 'subcategoria_id': 4}
2026-03-01 14:58:06.787672 | generate_to_cf_diariol CALLED: body={'company_id': 1, 'subcategoria_id': 4}
2026-03-01 14:59:55.571447 | generate_to_cf_diariol CALLED: body={'company_id': 1, 'subcategoria_id': 4}
2026-03-01 15:02:02.861722 | generate_to_cf_diariol CALLED: body={'company_id': 1, 'subcategoria_id': 4}
2026-03-01 15:06:25.713235 | generate_to_cf_diariol CALLED: body={'company_id': 1, 'subcategoria_id': 4}
2026-03-01 15:06:25.713571 | subcategoria_id=4 (raw=4), company_id=1, clear=False
2026-03-01 15:06:25.763995 | subs_to_process count = 1: [4]
2026-03-01 15:07:36.548790 | generate_to_cf_diariol CALLED: body={'company_id': 1, 'clear_previous': True}
2026-03-01 15:07:36.549227 | subcategoria_id=None (raw=None), company_id=1, clear=True
2026-03-01 15:07:36.555739 | subs_to_process count = 1: [4]
2026-03-01 15:14:10.059284 | generate_to_cf_diariol CALLED: body={'company_id': 1, 'subcategoria_id': 4, 'clear_previous': True}
2026-03-01 15:14:12.115374 | generate_to_cf_diariol CALLED: body={'company_id': 1, 'clear_previous': True}
2026-03-01 15:17:10.887113 | generate_to_cf_diariol CALLED: body={'company_id': 1}
2026-03-01 15:17:12.911663 | generate_to_cf_diariol CALLED: body={'company_id': 1, 'clear_previous': True}
2026-03-01 15:17:14.939477 | generate_to_cf_diariol CALLED: body={'company_id': 1, 'subcategoria_id': 4}
2026-03-01 15:17:16.971370 | generate_to_cf_diariol CALLED: body={'company_id': 1, 'subcategoria_id': 4, 'clear_previous': True}
2026-03-01 15:17:19.014818 | generate_to_cf_diariol CALLED: body={'company_id': 1, 'subcategoria_id': ''}
2026-03-01 15:19:00.269409 | generate_to_cf_diariol CALLED: body={'company_id': 1}
2026-03-01 15:19:00.269802 | subcategoria_id=None (raw=None), company_id=1, clear=False
2026-03-01 15:19:00.326848 | subs_to_process count = 1: [4]
2026-03-01 15:19:03.475300 | generate_to_cf_diariol CALLED: body={'company_id': 1, 'clear_previous': True}
2026-03-01 15:19:03.475726 | subcategoria_id=None (raw=None), company_id=1, clear=True
2026-03-01 15:19:03.481614 | subs_to_process count = 1: [4]
2026-03-01 15:19:06.627615 | generate_to_cf_diariol CALLED: body={'company_id': 1, 'subcategoria_id': 4}
2026-03-01 15:19:06.628233 | subcategoria_id=4 (raw=4), company_id=1, clear=False
2026-03-01 15:19:06.632219 | subs_to_process count = 1: [4]
2026-03-01 15:19:09.837372 | generate_to_cf_diariol CALLED: body={'company_id': 1, 'subcategoria_id': 4, 'clear_previous': True}
2026-03-01 15:19:09.837809 | subcategoria_id=4 (raw=4), company_id=1, clear=True
2026-03-01 15:19:09.840284 | subs_to_process count = 1: [4]
2026-03-01 15:19:13.032291 | generate_to_cf_diariol CALLED: body={'company_id': 1, 'subcategoria_id': ''}
2026-03-01 15:19:13.032668 | subcategoria_id=None (raw=), company_id=1, clear=False
2026-03-01 15:19:13.036640 | subs_to_process count = 1: [4]
2026-03-01 15:20:01.865916 | generate_to_cf_diariol CALLED: body={'company_id': 1, 'clear_previous': True, 'filters': [{'column': 'anos', 'operator': '=', 'value': '2026'}]}
2026-03-01 15:20:01.866388 | subcategoria_id=None (raw=None), company_id=1, clear=True
2026-03-01 15:20:01.869568 | subs_to_process count = 1: [4]
2026-03-01 15:23:24.559278 | generate_to_cf_diariol CALLED: body={'company_id': 1, 'clear_previous': True}
2026-03-01 15:23:24.559798 | subcategoria_id=None (raw=None), company_id=1, clear=True
2026-03-01 15:23:24.563134 | subs_to_process count = 1: [4]
2026-03-01 15:39:38.972077 | generate_to_cf_diariol CALLED: body={'company_id': 1, 'clear_previous': True}
2026-03-01 15:39:38.972869 | subcategoria_id=None (raw=None), company_id=1, clear=True
2026-03-01 15:39:38.987002 | subs_to_process count = 1: [4]
2026-03-01 15:43:35.753378 | generate_to_cf_diariol CALLED: body={'company_id': 1, 'clear_previous': True}
2026-03-01 15:43:35.754775 | subcategoria_id=None (raw=None), company_id=1, clear=True
2026-03-01 15:43:35.763757 | subs_to_process count = 1: [4]
2026-03-01 16:03:34.045464 | generate_to_cf_diariol CALLED: body={'company_id': 1, 'clear_previous': True}
2026-03-01 16:03:34.046172 | subcategoria_id=None (raw=None), company_id=1, clear=True
2026-03-01 16:03:34.066311 | subs_to_process count = 1: [4]
2026-03-01 16:26:04.509853 | generate_to_cf_diariol CALLED: body={'company_id': 1}
2026-03-01 16:26:04.510803 | subcategoria_id=None (raw=None), company_id=1, clear=False
2026-03-01 16:26:04.521921 | subs_to_process count = 1: [4]
2026-03-01 16:35:10.934596 | generate_to_cf_diariol CALLED: body={'company_id': 1, 'clear_previous': True}
2026-03-01 16:35:10.935100 | subcategoria_id=None (raw=None), company_id=1, clear=True
2026-03-01 16:35:10.939774 | subs_to_process count = 1: [4]
2026-03-01 16:35:11.107976 | FATAL ERROR in generate_to_cf_diariol: 422: {'message': 'Errores de validación en cabecera (Registro de Ventas)', 'errors': [{'field': 'cper', 'row_index': 0, 'value': "'2026'", 'error': "Campo 'cper' excede longitud máxima (4/1)", 'max_length': 1, 'actual_length': 4, 'table': 'cf_diario', 'subcategoria_id': 4}, {'field': 'cmes', 'row_index': 0, 'value': "'02'", 'error': "Campo 'cmes' excede longitud máxima (2/1)", 'max_length': 1, 'actual_length': 2, 'table': 'cf_diario', 'subcategoria_id': 4}, {'field': 'ccodori', 'row_index': 0, 'value': "'002'", 'error': "Campo 'ccodori' excede longitud máxima (3/1)", 'max_length': 1, 'actual_length': 3, 'table': 'cf_diario', 'subcategoria_id': 4}, {'field': 'ccodusu', 'row_index': 0, 'value': "'SISTEMAS'", 'error': "Campo 'ccodusu' excede longitud máxima (8/1)", 'max_length': 1, 'actual_length': 8, 'table': 'cf_diario', 'subcategoria_id': 4}, {'field': 'ccodsu', 'row_index': 0, 'value': "'14'", 'error': "Campo 'ccodsu' excede longitud máxima (2/1)", 'max_length': 1, 'actual_length': 2, 'table': 'cf_diario', 'subcategoria_id': 4}, {'field': 'cper', 'row_index': 1, 'value': "'2026'", 'error': "Campo 'cper' excede longitud máxima (4/1)", 'max_length': 1, 'actual_length': 4, 'table': 'cf_diario', 'subcategoria_id': 4}, {'field': 'cmes', 'row_index': 1, 'value': "'02'", 'error': "Campo 'cmes' excede longitud máxima (2/1)", 'max_length': 1, 'actual_length': 2, 'table': 'cf_diario', 'subcategoria_id': 4}, {'field': 'ccodori', 'row_index': 1, 'value': "'002'", 'error': "Campo 'ccodori' excede longitud máxima (3/1)", 'max_length': 1, 'actual_length': 3, 'table': 'cf_diario', 'subcategoria_id': 4}, {'field': 'ccodusu', 'row_index': 1, 'value': "'SISTEMAS'", 'error': "Campo 'ccodusu' excede longitud máxima (8/1)", 'max_length': 1, 'actual_length': 8, 'table': 'cf_diario', 'subcategoria_id': 4}, {'field': 'ccodsu', 'row_index': 1, 'value': "'14'", 'error': "Campo 'ccodsu' excede longitud máxima (2/1)", 'max_length': 1, 'actual_length': 2, 'table': 'cf_diario', 'subcategoria_id': 4}, {'field': 'cper', 'row_index': 2, 'value': "'2026'", 'error': "Campo 'cper' excede longitud máxima (4/1)", 'max_length': 1, 'actual_length': 4, 'table': 'cf_diario', 'subcategoria_id': 4}, {'field': 'cmes', 'row_index': 2, 'value': "'02'", 'error': "Campo 'cmes' excede longitud máxima (2/1)", 'max_length': 1, 'actual_length': 2, 'table': 'cf_diario', 'subcategoria_id': 4}, {'field': 'ccodori', 'row_index': 2, 'value': "'002'", 'error': "Campo 'ccodori' excede longitud máxima (3/1)", 'max_length': 1, 'actual_length': 3, 'table': 'cf_diario', 'subcategoria_id': 4}, {'field': 'ccodusu', 'row_index': 2, 'value': "'SISTEMAS'", 'error': "Campo 'ccodusu' excede longitud máxima (8/1)", 'max_length': 1, 'actual_length': 8, 'table': 'cf_diario', 'subcategoria_id': 4}, {'field': 'ccodsu', 'row_index': 2, 'value': "'14'", 'error': "Campo 'ccodsu' excede longitud máxima (2/1)", 'max_length': 1, 'actual_length': 2, 'table': 'cf_diario', 'subcategoria_id': 4}, {'field': 'cper', 'row_index': 3, 'value': "'2026'", 'error': "Campo 'cper' excede longitud máxima (4/1)", 'max_length': 1, 'actual_length': 4, 'table': 'cf_diario', 'subcategoria_id': 4}, {'field': 'cmes', 'row_index': 3, 'value': "'02'", 'error': "Campo 'cmes' excede longitud máxima (2/1)", 'max_length': 1, 'actual_length': 2, 'table': 'cf_diario', 'subcategoria_id': 4}, {'field': 'ccodori', 'row_index': 3, 'value': "'002'", 'error': "Campo 'ccodori' excede longitud máxima (3/1)", 'max_length': 1, 'actual_length': 3, 'table': 'cf_diario', 'subcategoria_id': 4}, {'field': 'ccodusu', 'row_index': 3, 'value': "'SISTEMAS'", 'error': "Campo 'ccodusu' excede longitud máxima (8/1)", 'max_length': 1, 'actual_length': 8, 'table': 'cf_diario', 'subcategoria_id': 4}, {'field': 'ccodsu', 'row_index': 3, 'value': "'14'", 'error': "Campo 'ccodsu' excede longitud máxima (2/1)", 'max_length': 1, 'actual_length': 2, 'table': 'cf_diario', 'subcategoria_id': 4}]}
Traceback (most recent call last):
  File "C:\SistemaMigConta\backend\app\api\endpoints\mapeo.py", line 1104, in generate_to_cf_diariol
    gen, asis = _generate_subcategoria_cf_diariol(
                ~~~~~~~~~~~~~~~~~~~~~~~~~~~~~~~~~^
        sub, db, company_id, filters, lote_id, global_counters,
        ^^^^^^^^^^^^^^^^^^^^^^^^^^^^^^^^^^^^^^^^^^^^^^^^^^^^^^^
        generate_headers=(sub.generate_headers is not False),
        ^^^^^^^^^^^^^^^^^^^^^^^^^^^^^^^^^^^^^^^^^^^^^^^^^^^^^
        generate_details=(sub.generate_details is not False)
        ^^^^^^^^^^^^^^^^^^^^^^^^^^^^^^^^^^^^^^^^^^^^^^^^^^^^
    )
    ^
  File "C:\SistemaMigConta\backend\app\api\endpoints\mapeo.py", line 748, in _generate_subcategoria_cf_diariol
    raise HTTPException(
    ...<5 lines>...
    )
fastapi.exceptions.HTTPException: 422: {'message': 'Errores de validación en cabecera (Registro de Ventas)', 'errors': [{'field': 'cper', 'row_index': 0, 'value': "'2026'", 'error': "Campo 'cper' excede longitud máxima (4/1)", 'max_length': 1, 'actual_length': 4, 'table': 'cf_diario', 'subcategoria_id': 4}, {'field': 'cmes', 'row_index': 0, 'value': "'02'", 'error': "Campo 'cmes' excede longitud máxima (2/1)", 'max_length': 1, 'actual_length': 2, 'table': 'cf_diario', 'subcategoria_id': 4}, {'field': 'ccodori', 'row_index': 0, 'value': "'002'", 'error': "Campo 'ccodori' excede longitud máxima (3/1)", 'max_length': 1, 'actual_length': 3, 'table': 'cf_diario', 'subcategoria_id': 4}, {'field': 'ccodusu', 'row_index': 0, 'value': "'SISTEMAS'", 'error': "Campo 'ccodusu' excede longitud máxima (8/1)", 'max_length': 1, 'actual_length': 8, 'table': 'cf_diario', 'subcategoria_id': 4}, {'field': 'ccodsu', 'row_index': 0, 'value': "'14'", 'error': "Campo 'ccodsu' excede longitud máxima (2/1)", 'max_length': 1, 'actual_length': 2, 'table': 'cf_diario', 'subcategoria_id': 4}, {'field': 'cper', 'row_index': 1, 'value': "'2026'", 'error': "Campo 'cper' excede longitud máxima (4/1)", 'max_length': 1, 'actual_length': 4, 'table': 'cf_diario', 'subcategoria_id': 4}, {'field': 'cmes', 'row_index': 1, 'value': "'02'", 'error': "Campo 'cmes' excede longitud máxima (2/1)", 'max_length': 1, 'actual_length': 2, 'table': 'cf_diario', 'subcategoria_id': 4}, {'field': 'ccodori', 'row_index': 1, 'value': "'002'", 'error': "Campo 'ccodori' excede longitud máxima (3/1)", 'max_length': 1, 'actual_length': 3, 'table': 'cf_diario', 'subcategoria_id': 4}, {'field': 'ccodusu', 'row_index': 1, 'value': "'SISTEMAS'", 'error': "Campo 'ccodusu' excede longitud máxima (8/1)", 'max_length': 1, 'actual_length': 8, 'table': 'cf_diario', 'subcategoria_id': 4}, {'field': 'ccodsu', 'row_index': 1, 'value': "'14'", 'error': "Campo 'ccodsu' excede longitud máxima (2/1)", 'max_length': 1, 'actual_length': 2, 'table': 'cf_diario', 'subcategoria_id': 4}, {'field': 'cper', 'row_index': 2, 'value': "'2026'", 'error': "Campo 'cper' excede longitud máxima (4/1)", 'max_length': 1, 'actual_length': 4, 'table': 'cf_diario', 'subcategoria_id': 4}, {'field': 'cmes', 'row_index': 2, 'value': "'02'", 'error': "Campo 'cmes' excede longitud máxima (2/1)", 'max_length': 1, 'actual_length': 2, 'table': 'cf_diario', 'subcategoria_id': 4}, {'field': 'ccodori', 'row_index': 2, 'value': "'002'", 'error': "Campo 'ccodori' excede longitud máxima (3/1)", 'max_length': 1, 'actual_length': 3, 'table': 'cf_diario', 'subcategoria_id': 4}, {'field': 'ccodusu', 'row_index': 2, 'value': "'SISTEMAS'", 'error': "Campo 'ccodusu' excede longitud máxima (8/1)", 'max_length': 1, 'actual_length': 8, 'table': 'cf_diario', 'subcategoria_id': 4}, {'field': 'ccodsu', 'row_index': 2, 'value': "'14'", 'error': "Campo 'ccodsu' excede longitud máxima (2/1)", 'max_length': 1, 'actual_length': 2, 'table': 'cf_diario', 'subcategoria_id': 4}, {'field': 'cper', 'row_index': 3, 'value': "'2026'", 'error': "Campo 'cper' excede longitud máxima (4/1)", 'max_length': 1, 'actual_length': 4, 'table': 'cf_diario', 'subcategoria_id': 4}, {'field': 'cmes', 'row_index': 3, 'value': "'02'", 'error': "Campo 'cmes' excede longitud máxima (2/1)", 'max_length': 1, 'actual_length': 2, 'table': 'cf_diario', 'subcategoria_id': 4}, {'field': 'ccodori', 'row_index': 3, 'value': "'002'", 'error': "Campo 'ccodori' excede longitud máxima (3/1)", 'max_length': 1, 'actual_length': 3, 'table': 'cf_diario', 'subcategoria_id': 4}, {'field': 'ccodusu', 'row_index': 3, 'value': "'SISTEMAS'", 'error': "Campo 'ccodusu' excede longitud máxima (8/1)", 'max_length': 1, 'actual_length': 8, 'table': 'cf_diario', 'subcategoria_id': 4}, {'field': 'ccodsu', 'row_index': 3, 'value': "'14'", 'error': "Campo 'ccodsu' excede longitud máxima (2/1)", 'max_length': 1, 'actual_length': 2, 'table': 'cf_diario', 'subcategoria_id': 4}]}

2026-03-01 16:36:08.771565 | generate_to_cf_diariol CALLED: body={'company_id': 1}
2026-03-01 16:36:08.772066 | subcategoria_id=None (raw=None), company_id=1, clear=False
2026-03-01 16:36:08.775711 | subs_to_process count = 1: [4]
2026-03-01 16:36:08.862035 | FATAL ERROR in generate_to_cf_diariol: 422: {'message': 'Errores de validación en cabecera (Registro de Ventas)', 'errors': [{'field': 'cper', 'row_index': 0, 'value': "'2026'", 'error': "Campo 'cper' excede longitud máxima (4/1)", 'max_length': 1, 'actual_length': 4, 'table': 'cf_diario', 'subcategoria_id': 4}, {'field': 'cmes', 'row_index': 0, 'value': "'02'", 'error': "Campo 'cmes' excede longitud máxima (2/1)", 'max_length': 1, 'actual_length': 2, 'table': 'cf_diario', 'subcategoria_id': 4}, {'field': 'ccodori', 'row_index': 0, 'value': "'002'", 'error': "Campo 'ccodori' excede longitud máxima (3/1)", 'max_length': 1, 'actual_length': 3, 'table': 'cf_diario', 'subcategoria_id': 4}, {'field': 'ccodusu', 'row_index': 0, 'value': "'SISTEMAS'", 'error': "Campo 'ccodusu' excede longitud máxima (8/1)", 'max_length': 1, 'actual_length': 8, 'table': 'cf_diario', 'subcategoria_id': 4}, {'field': 'ccodsu', 'row_index': 0, 'value': "'14'", 'error': "Campo 'ccodsu' excede longitud máxima (2/1)", 'max_length': 1, 'actual_length': 2, 'table': 'cf_diario', 'subcategoria_id': 4}, {'field': 'cper', 'row_index': 1, 'value': "'2026'", 'error': "Campo 'cper' excede longitud máxima (4/1)", 'max_length': 1, 'actual_length': 4, 'table': 'cf_diario', 'subcategoria_id': 4}, {'field': 'cmes', 'row_index': 1, 'value': "'02'", 'error': "Campo 'cmes' excede longitud máxima (2/1)", 'max_length': 1, 'actual_length': 2, 'table': 'cf_diario', 'subcategoria_id': 4}, {'field': 'ccodori', 'row_index': 1, 'value': "'002'", 'error': "Campo 'ccodori' excede longitud máxima (3/1)", 'max_length': 1, 'actual_length': 3, 'table': 'cf_diario', 'subcategoria_id': 4}, {'field': 'ccodusu', 'row_index': 1, 'value': "'SISTEMAS'", 'error': "Campo 'ccodusu' excede longitud máxima (8/1)", 'max_length': 1, 'actual_length': 8, 'table': 'cf_diario', 'subcategoria_id': 4}, {'field': 'ccodsu', 'row_index': 1, 'value': "'14'", 'error': "Campo 'ccodsu' excede longitud máxima (2/1)", 'max_length': 1, 'actual_length': 2, 'table': 'cf_diario', 'subcategoria_id': 4}, {'field': 'cper', 'row_index': 2, 'value': "'2026'", 'error': "Campo 'cper' excede longitud máxima (4/1)", 'max_length': 1, 'actual_length': 4, 'table': 'cf_diario', 'subcategoria_id': 4}, {'field': 'cmes', 'row_index': 2, 'value': "'02'", 'error': "Campo 'cmes' excede longitud máxima (2/1)", 'max_length': 1, 'actual_length': 2, 'table': 'cf_diario', 'subcategoria_id': 4}, {'field': 'ccodori', 'row_index': 2, 'value': "'002'", 'error': "Campo 'ccodori' excede longitud máxima (3/1)", 'max_length': 1, 'actual_length': 3, 'table': 'cf_diario', 'subcategoria_id': 4}, {'field': 'ccodusu', 'row_index': 2, 'value': "'SISTEMAS'", 'error': "Campo 'ccodusu' excede longitud máxima (8/1)", 'max_length': 1, 'actual_length': 8, 'table': 'cf_diario', 'subcategoria_id': 4}, {'field': 'ccodsu', 'row_index': 2, 'value': "'14'", 'error': "Campo 'ccodsu' excede longitud máxima (2/1)", 'max_length': 1, 'actual_length': 2, 'table': 'cf_diario', 'subcategoria_id': 4}, {'field': 'cper', 'row_index': 3, 'value': "'2026'", 'error': "Campo 'cper' excede longitud máxima (4/1)", 'max_length': 1, 'actual_length': 4, 'table': 'cf_diario', 'subcategoria_id': 4}, {'field': 'cmes', 'row_index': 3, 'value': "'02'", 'error': "Campo 'cmes' excede longitud máxima (2/1)", 'max_length': 1, 'actual_length': 2, 'table': 'cf_diario', 'subcategoria_id': 4}, {'field': 'ccodori', 'row_index': 3, 'value': "'002'", 'error': "Campo 'ccodori' excede longitud máxima (3/1)", 'max_length': 1, 'actual_length': 3, 'table': 'cf_diario', 'subcategoria_id': 4}, {'field': 'ccodusu', 'row_index': 3, 'value': "'SISTEMAS'", 'error': "Campo 'ccodusu' excede longitud máxima (8/1)", 'max_length': 1, 'actual_length': 8, 'table': 'cf_diario', 'subcategoria_id': 4}, {'field': 'ccodsu', 'row_index': 3, 'value': "'14'", 'error': "Campo 'ccodsu' excede longitud máxima (2/1)", 'max_length': 1, 'actual_length': 2, 'table': 'cf_diario', 'subcategoria_id': 4}]}
Traceback (most recent call last):
  File "C:\SistemaMigConta\backend\app\api\endpoints\mapeo.py", line 1104, in generate_to_cf_diariol
    gen, asis = _generate_subcategoria_cf_diariol(
                ~~~~~~~~~~~~~~~~~~~~~~~~~~~~~~~~~^
        sub, db, company_id, filters, lote_id, global_counters,
        ^^^^^^^^^^^^^^^^^^^^^^^^^^^^^^^^^^^^^^^^^^^^^^^^^^^^^^^
        generate_headers=(sub.generate_headers is not False),
        ^^^^^^^^^^^^^^^^^^^^^^^^^^^^^^^^^^^^^^^^^^^^^^^^^^^^^
        generate_details=(sub.generate_details is not False)
        ^^^^^^^^^^^^^^^^^^^^^^^^^^^^^^^^^^^^^^^^^^^^^^^^^^^^
    )
    ^
  File "C:\SistemaMigConta\backend\app\api\endpoints\mapeo.py", line 748, in _generate_subcategoria_cf_diariol
    raise HTTPException(
    ...<5 lines>...
    )
fastapi.exceptions.HTTPException: 422: {'message': 'Errores de validación en cabecera (Registro de Ventas)', 'errors': [{'field': 'cper', 'row_index': 0, 'value': "'2026'", 'error': "Campo 'cper' excede longitud máxima (4/1)", 'max_length': 1, 'actual_length': 4, 'table': 'cf_diario', 'subcategoria_id': 4}, {'field': 'cmes', 'row_index': 0, 'value': "'02'", 'error': "Campo 'cmes' excede longitud máxima (2/1)", 'max_length': 1, 'actual_length': 2, 'table': 'cf_diario', 'subcategoria_id': 4}, {'field': 'ccodori', 'row_index': 0, 'value': "'002'", 'error': "Campo 'ccodori' excede longitud máxima (3/1)", 'max_length': 1, 'actual_length': 3, 'table': 'cf_diario', 'subcategoria_id': 4}, {'field': 'ccodusu', 'row_index': 0, 'value': "'SISTEMAS'", 'error': "Campo 'ccodusu' excede longitud máxima (8/1)", 'max_length': 1, 'actual_length': 8, 'table': 'cf_diario', 'subcategoria_id': 4}, {'field': 'ccodsu', 'row_index': 0, 'value': "'14'", 'error': "Campo 'ccodsu' excede longitud máxima (2/1)", 'max_length': 1, 'actual_length': 2, 'table': 'cf_diario', 'subcategoria_id': 4}, {'field': 'cper', 'row_index': 1, 'value': "'2026'", 'error': "Campo 'cper' excede longitud máxima (4/1)", 'max_length': 1, 'actual_length': 4, 'table': 'cf_diario', 'subcategoria_id': 4}, {'field': 'cmes', 'row_index': 1, 'value': "'02'", 'error': "Campo 'cmes' excede longitud máxima (2/1)", 'max_length': 1, 'actual_length': 2, 'table': 'cf_diario', 'subcategoria_id': 4}, {'field': 'ccodori', 'row_index': 1, 'value': "'002'", 'error': "Campo 'ccodori' excede longitud máxima (3/1)", 'max_length': 1, 'actual_length': 3, 'table': 'cf_diario', 'subcategoria_id': 4}, {'field': 'ccodusu', 'row_index': 1, 'value': "'SISTEMAS'", 'error': "Campo 'ccodusu' excede longitud máxima (8/1)", 'max_length': 1, 'actual_length': 8, 'table': 'cf_diario', 'subcategoria_id': 4}, {'field': 'ccodsu', 'row_index': 1, 'value': "'14'", 'error': "Campo 'ccodsu' excede longitud máxima (2/1)", 'max_length': 1, 'actual_length': 2, 'table': 'cf_diario', 'subcategoria_id': 4}, {'field': 'cper', 'row_index': 2, 'value': "'2026'", 'error': "Campo 'cper' excede longitud máxima (4/1)", 'max_length': 1, 'actual_length': 4, 'table': 'cf_diario', 'subcategoria_id': 4}, {'field': 'cmes', 'row_index': 2, 'value': "'02'", 'error': "Campo 'cmes' excede longitud máxima (2/1)", 'max_length': 1, 'actual_length': 2, 'table': 'cf_diario', 'subcategoria_id': 4}, {'field': 'ccodori', 'row_index': 2, 'value': "'002'", 'error': "Campo 'ccodori' excede longitud máxima (3/1)", 'max_length': 1, 'actual_length': 3, 'table': 'cf_diario', 'subcategoria_id': 4}, {'field': 'ccodusu', 'row_index': 2, 'value': "'SISTEMAS'", 'error': "Campo 'ccodusu' excede longitud máxima (8/1)", 'max_length': 1, 'actual_length': 8, 'table': 'cf_diario', 'subcategoria_id': 4}, {'field': 'ccodsu', 'row_index': 2, 'value': "'14'", 'error': "Campo 'ccodsu' excede longitud máxima (2/1)", 'max_length': 1, 'actual_length': 2, 'table': 'cf_diario', 'subcategoria_id': 4}, {'field': 'cper', 'row_index': 3, 'value': "'2026'", 'error': "Campo 'cper' excede longitud máxima (4/1)", 'max_length': 1, 'actual_length': 4, 'table': 'cf_diario', 'subcategoria_id': 4}, {'field': 'cmes', 'row_index': 3, 'value': "'02'", 'error': "Campo 'cmes' excede longitud máxima (2/1)", 'max_length': 1, 'actual_length': 2, 'table': 'cf_diario', 'subcategoria_id': 4}, {'field': 'ccodori', 'row_index': 3, 'value': "'002'", 'error': "Campo 'ccodori' excede longitud máxima (3/1)", 'max_length': 1, 'actual_length': 3, 'table': 'cf_diario', 'subcategoria_id': 4}, {'field': 'ccodusu', 'row_index': 3, 'value': "'SISTEMAS'", 'error': "Campo 'ccodusu' excede longitud máxima (8/1)", 'max_length': 1, 'actual_length': 8, 'table': 'cf_diario', 'subcategoria_id': 4}, {'field': 'ccodsu', 'row_index': 3, 'value': "'14'", 'error': "Campo 'ccodsu' excede longitud máxima (2/1)", 'max_length': 1, 'actual_length': 2, 'table': 'cf_diario', 'subcategoria_id': 4}]}

2026-03-01 17:24:45.819022 | generate_to_cf_diariol CALLED: body={'company_id': 1, 'clear_previous': True}
2026-03-01 17:24:45.819795 | subcategoria_id=None (raw=None), company_id=1, clear=True
2026-03-01 17:24:45.827551 | subs_to_process count = 1: [4]
2026-03-01 17:24:46.344064 | FATAL ERROR in generate_to_cf_diariol: 422: {'message': 'Errores de validación en cabecera (Registro de Ventas)', 'errors': [{'field': 'cper', 'row_index': 0, 'value': "'2026'", 'error': "Campo 'cper' excede longitud máxima (4/1)", 'max_length': 1, 'actual_length': 4, 'table': 'cf_diario', 'subcategoria_id': 4}, {'field': 'cmes', 'row_index': 0, 'value': "'02'", 'error': "Campo 'cmes' excede longitud máxima (2/1)", 'max_length': 1, 'actual_length': 2, 'table': 'cf_diario', 'subcategoria_id': 4}, {'field': 'ccodori', 'row_index': 0, 'value': "'002'", 'error': "Campo 'ccodori' excede longitud máxima (3/1)", 'max_length': 1, 'actual_length': 3, 'table': 'cf_diario', 'subcategoria_id': 4}, {'field': 'ccodusu', 'row_index': 0, 'value': "'SISTEMAS'", 'error': "Campo 'ccodusu' excede longitud máxima (8/1)", 'max_length': 1, 'actual_length': 8, 'table': 'cf_diario', 'subcategoria_id': 4}, {'field': 'ccodsu', 'row_index': 0, 'value': "'14'", 'error': "Campo 'ccodsu' excede longitud máxima (2/1)", 'max_length': 1, 'actual_length': 2, 'table': 'cf_diario', 'subcategoria_id': 4}, {'field': 'cper', 'row_index': 1, 'value': "'2026'", 'error': "Campo 'cper' excede longitud máxima (4/1)", 'max_length': 1, 'actual_length': 4, 'table': 'cf_diario', 'subcategoria_id': 4}, {'field': 'cmes', 'row_index': 1, 'value': "'02'", 'error': "Campo 'cmes' excede longitud máxima (2/1)", 'max_length': 1, 'actual_length': 2, 'table': 'cf_diario', 'subcategoria_id': 4}, {'field': 'ccodori', 'row_index': 1, 'value': "'002'", 'error': "Campo 'ccodori' excede longitud máxima (3/1)", 'max_length': 1, 'actual_length': 3, 'table': 'cf_diario', 'subcategoria_id': 4}, {'field': 'ccodusu', 'row_index': 1, 'value': "'SISTEMAS'", 'error': "Campo 'ccodusu' excede longitud máxima (8/1)", 'max_length': 1, 'actual_length': 8, 'table': 'cf_diario', 'subcategoria_id': 4}, {'field': 'ccodsu', 'row_index': 1, 'value': "'14'", 'error': "Campo 'ccodsu' excede longitud máxima (2/1)", 'max_length': 1, 'actual_length': 2, 'table': 'cf_diario', 'subcategoria_id': 4}, {'field': 'cper', 'row_index': 2, 'value': "'2026'", 'error': "Campo 'cper' excede longitud máxima (4/1)", 'max_length': 1, 'actual_length': 4, 'table': 'cf_diario', 'subcategoria_id': 4}, {'field': 'cmes', 'row_index': 2, 'value': "'02'", 'error': "Campo 'cmes' excede longitud máxima (2/1)", 'max_length': 1, 'actual_length': 2, 'table': 'cf_diario', 'subcategoria_id': 4}, {'field': 'ccodori', 'row_index': 2, 'value': "'002'", 'error': "Campo 'ccodori' excede longitud máxima (3/1)", 'max_length': 1, 'actual_length': 3, 'table': 'cf_diario', 'subcategoria_id': 4}, {'field': 'ccodusu', 'row_index': 2, 'value': "'SISTEMAS'", 'error': "Campo 'ccodusu' excede longitud máxima (8/1)", 'max_length': 1, 'actual_length': 8, 'table': 'cf_diario', 'subcategoria_id': 4}, {'field': 'ccodsu', 'row_index': 2, 'value': "'14'", 'error': "Campo 'ccodsu' excede longitud máxima (2/1)", 'max_length': 1, 'actual_length': 2, 'table': 'cf_diario', 'subcategoria_id': 4}, {'field': 'cper', 'row_index': 3, 'value': "'2026'", 'error': "Campo 'cper' excede longitud máxima (4/1)", 'max_length': 1, 'actual_length': 4, 'table': 'cf_diario', 'subcategoria_id': 4}, {'field': 'cmes', 'row_index': 3, 'value': "'02'", 'error': "Campo 'cmes' excede longitud máxima (2/1)", 'max_length': 1, 'actual_length': 2, 'table': 'cf_diario', 'subcategoria_id': 4}, {'field': 'ccodori', 'row_index': 3, 'value': "'002'", 'error': "Campo 'ccodori' excede longitud máxima (3/1)", 'max_length': 1, 'actual_length': 3, 'table': 'cf_diario', 'subcategoria_id': 4}, {'field': 'ccodusu', 'row_index': 3, 'value': "'SISTEMAS'", 'error': "Campo 'ccodusu' excede longitud máxima (8/1)", 'max_length': 1, 'actual_length': 8, 'table': 'cf_diario', 'subcategoria_id': 4}, {'field': 'ccodsu', 'row_index': 3, 'value': "'14'", 'error': "Campo 'ccodsu' excede longitud máxima (2/1)", 'max_length': 1, 'actual_length': 2, 'table': 'cf_diario', 'subcategoria_id': 4}, {'field': 'cper', 'row_index': 4, 'value': "'2026'", 'error': "Campo 'cper' excede longitud máxima (4/1)", 'max_length': 1, 'actual_length': 4, 'table': 'cf_diario', 'subcategoria_id': 4}, {'field': 'cmes', 'row_index': 4, 'value': "'02'", 'error': "Campo 'cmes' excede longitud máxima (2/1)", 'max_length': 1, 'actual_length': 2, 'table': 'cf_diario', 'subcategoria_id': 4}, {'field': 'ccodori', 'row_index': 4, 'value': "'002'", 'error': "Campo 'ccodori' excede longitud máxima (3/1)", 'max_length': 1, 'actual_length': 3, 'table': 'cf_diario', 'subcategoria_id': 4}, {'field': 'ccodusu', 'row_index': 4, 'value': "'SISTEMAS'", 'error': "Campo 'ccodusu' excede longitud máxima (8/1)", 'max_length': 1, 'actual_length': 8, 'table': 'cf_diario', 'subcategoria_id': 4}, {'field': 'ccodsu', 'row_index': 4, 'value': "'14'", 'error': "Campo 'ccodsu' excede longitud máxima (2/1)", 'max_length': 1, 'actual_length': 2, 'table': 'cf_diario', 'subcategoria_id': 4}, {'field': 'cper', 'row_index': 5, 'value': "'2026'", 'error': "Campo 'cper' excede longitud máxima (4/1)", 'max_length': 1, 'actual_length': 4, 'table': 'cf_diario', 'subcategoria_id': 4}, {'field': 'cmes', 'row_index': 5, 'value': "'02'", 'error': "Campo 'cmes' excede longitud máxima (2/1)", 'max_length': 1, 'actual_length': 2, 'table': 'cf_diario', 'subcategoria_id': 4}, {'field': 'ccodori', 'row_index': 5, 'value': "'002'", 'error': "Campo 'ccodori' excede longitud máxima (3/1)", 'max_length': 1, 'actual_length': 3, 'table': 'cf_diario', 'subcategoria_id': 4}, {'field': 'ccodusu', 'row_index': 5, 'value': "'SISTEMAS'", 'error': "Campo 'ccodusu' excede longitud máxima (8/1)", 'max_length': 1, 'actual_length': 8, 'table': 'cf_diario', 'subcategoria_id': 4}, {'field': 'ccodsu', 'row_index': 5, 'value': "'14'", 'error': "Campo 'ccodsu' excede longitud máxima (2/1)", 'max_length': 1, 'actual_length': 2, 'table': 'cf_diario', 'subcategoria_id': 4}, {'field': 'cper', 'row_index': 6, 'value': "'2026'", 'error': "Campo 'cper' excede longitud máxima (4/1)", 'max_length': 1, 'actual_length': 4, 'table': 'cf_diario', 'subcategoria_id': 4}, {'field': 'cmes', 'row_index': 6, 'value': "'02'", 'error': "Campo 'cmes' excede longitud máxima (2/1)", 'max_length': 1, 'actual_length': 2, 'table': 'cf_diario', 'subcategoria_id': 4}, {'field': 'ccodori', 'row_index': 6, 'value': "'002'", 'error': "Campo 'ccodori' excede longitud máxima (3/1)", 'max_length': 1, 'actual_length': 3, 'table': 'cf_diario', 'subcategoria_id': 4}, {'field': 'ccodusu', 'row_index': 6, 'value': "'SISTEMAS'", 'error': "Campo 'ccodusu' excede longitud máxima (8/1)", 'max_length': 1, 'actual_length': 8, 'table': 'cf_diario', 'subcategoria_id': 4}, {'field': 'ccodsu', 'row_index': 6, 'value': "'14'", 'error': "Campo 'ccodsu' excede longitud máxima (2/1)", 'max_length': 1, 'actual_length': 2, 'table': 'cf_diario', 'subcategoria_id': 4}, {'field': 'cper', 'row_index': 7, 'value': "'2026'", 'error': "Campo 'cper' excede longitud máxima (4/1)", 'max_length': 1, 'actual_length': 4, 'table': 'cf_diario', 'subcategoria_id': 4}, {'field': 'cmes', 'row_index': 7, 'value': "'02'", 'error': "Campo 'cmes' excede longitud máxima (2/1)", 'max_length': 1, 'actual_length': 2, 'table': 'cf_diario', 'subcategoria_id': 4}, {'field': 'ccodori', 'row_index': 7, 'value': "'002'", 'error': "Campo 'ccodori' excede longitud máxima (3/1)", 'max_length': 1, 'actual_length': 3, 'table': 'cf_diario', 'subcategoria_id': 4}, {'field': 'ccodusu', 'row_index': 7, 'value': "'SISTEMAS'", 'error': "Campo 'ccodusu' excede longitud máxima (8/1)", 'max_length': 1, 'actual_length': 8, 'table': 'cf_diario', 'subcategoria_id': 4}, {'field': 'ccodsu', 'row_index': 7, 'value': "'14'", 'error': "Campo 'ccodsu' excede longitud máxima (2/1)", 'max_length': 1, 'actual_length': 2, 'table': 'cf_diario', 'subcategoria_id': 4}, {'field': 'cper', 'row_index': 8, 'value': "'2026'", 'error': "Campo 'cper' excede longitud máxima (4/1)", 'max_length': 1, 'actual_length': 4, 'table': 'cf_diario', 'subcategoria_id': 4}, {'field': 'cmes', 'row_index': 8, 'value': "'02'", 'error': "Campo 'cmes' excede longitud máxima (2/1)", 'max_length': 1, 'actual_length': 2, 'table': 'cf_diario', 'subcategoria_id': 4}, {'field': 'ccodori', 'row_index': 8, 'value': "'002'", 'error': "Campo 'ccodori' excede longitud máxima (3/1)", 'max_length': 1, 'actual_length': 3, 'table': 'cf_diario', 'subcategoria_id': 4}, {'field': 'ccodusu', 'row_index': 8, 'value': "'SISTEMAS'", 'error': "Campo 'ccodusu' excede longitud máxima (8/1)", 'max_length': 1, 'actual_length': 8, 'table': 'cf_diario', 'subcategoria_id': 4}, {'field': 'ccodsu', 'row_index': 8, 'value': "'14'", 'error': "Campo 'ccodsu' excede longitud máxima (2/1)", 'max_length': 1, 'actual_length': 2, 'table': 'cf_diario', 'subcategoria_id': 4}, {'field': 'cper', 'row_index': 9, 'value': "'2026'", 'error': "Campo 'cper' excede longitud máxima (4/1)", 'max_length': 1, 'actual_length': 4, 'table': 'cf_diario', 'subcategoria_id': 4}, {'field': 'cmes', 'row_index': 9, 'value': "'02'", 'error': "Campo 'cmes' excede longitud máxima (2/1)", 'max_length': 1, 'actual_length': 2, 'table': 'cf_diario', 'subcategoria_id': 4}, {'field': 'ccodori', 'row_index': 9, 'value': "'002'", 'error': "Campo 'ccodori' excede longitud máxima (3/1)", 'max_length': 1, 'actual_length': 3, 'table': 'cf_diario', 'subcategoria_id': 4}, {'field': 'ccodusu', 'row_index': 9, 'value': "'SISTEMAS'", 'error': "Campo 'ccodusu' excede longitud máxima (8/1)", 'max_length': 1, 'actual_length': 8, 'table': 'cf_diario', 'subcategoria_id': 4}, {'field': 'ccodsu', 'row_index': 9, 'value': "'14'", 'error': "Campo 'ccodsu' excede longitud máxima (2/1)", 'max_length': 1, 'actual_length': 2, 'table': 'cf_diario', 'subcategoria_id': 4}, {'field': 'cper', 'row_index': 10, 'value': "'2026'", 'error': "Campo 'cper' excede longitud máxima (4/1)", 'max_length': 1, 'actual_length': 4, 'table': 'cf_diario', 'subcategoria_id': 4}, {'field': 'cmes', 'row_index': 10, 'value': "'02'", 'error': "Campo 'cmes' excede longitud máxima (2/1)", 'max_length': 1, 'actual_length': 2, 'table': 'cf_diario', 'subcategoria_id': 4}, {'field': 'ccodori', 'row_index': 10, 'value': "'002'", 'error': "Campo 'ccodori' excede longitud máxima (3/1)", 'max_length': 1, 'actual_length': 3, 'table': 'cf_diario', 'subcategoria_id': 4}, {'field': 'ccodusu', 'row_index': 10, 'value': "'SISTEMAS'", 'error': "Campo 'ccodusu' excede longitud máxima (8/1)", 'max_length': 1, 'actual_length': 8, 'table': 'cf_diario', 'subcategoria_id': 4}, {'field': 'ccodsu', 'row_index': 10, 'value': "'14'", 'error': "Campo 'ccodsu' excede longitud máxima (2/1)", 'max_length': 1, 'actual_length': 2, 'table': 'cf_diario', 'subcategoria_id': 4}, {'field': 'cper', 'row_index': 11, 'value': "'2026'", 'error': "Campo 'cper' excede longitud máxima (4/1)", 'max_length': 1, 'actual_length': 4, 'table': 'cf_diario', 'subcategoria_id': 4}, {'field': 'cmes', 'row_index': 11, 'value': "'02'", 'error': "Campo 'cmes' excede longitud máxima (2/1)", 'max_length': 1, 'actual_length': 2, 'table': 'cf_diario', 'subcategoria_id': 4}, {'field': 'ccodori', 'row_index': 11, 'value': "'002'", 'error': "Campo 'ccodori' excede longitud máxima (3/1)", 'max_length': 1, 'actual_length': 3, 'table': 'cf_diario', 'subcategoria_id': 4}, {'field': 'ccodusu', 'row_index': 11, 'value': "'SISTEMAS'", 'error': "Campo 'ccodusu' excede longitud máxima (8/1)", 'max_length': 1, 'actual_length': 8, 'table': 'cf_diario', 'subcategoria_id': 4}, {'field': 'ccodsu', 'row_index': 11, 'value': "'14'", 'error': "Campo 'ccodsu' excede longitud máxima (2/1)", 'max_length': 1, 'actual_length': 2, 'table': 'cf_diario', 'subcategoria_id': 4}, {'field': 'cper', 'row_index': 12, 'value': "'2026'", 'error': "Campo 'cper' excede longitud máxima (4/1)", 'max_length': 1, 'actual_length': 4, 'table': 'cf_diario', 'subcategoria_id': 4}, {'field': 'cmes', 'row_index': 12, 'value': "'02'", 'error': "Campo 'cmes' excede longitud máxima (2/1)", 'max_length': 1, 'actual_length': 2, 'table': 'cf_diario', 'subcategoria_id': 4}, {'field': 'ccodori', 'row_index': 12, 'value': "'002'", 'error': "Campo 'ccodori' excede longitud máxima (3/1)", 'max_length': 1, 'actual_length': 3, 'table': 'cf_diario', 'subcategoria_id': 4}, {'field': 'ccodusu', 'row_index': 12, 'value': "'SISTEMAS'", 'error': "Campo 'ccodusu' excede longitud máxima (8/1)", 'max_length': 1, 'actual_length': 8, 'table': 'cf_diario', 'subcategoria_id': 4}, {'field': 'ccodsu', 'row_index': 12, 'value': "'14'", 'error': "Campo 'ccodsu' excede longitud máxima (2/1)", 'max_length': 1, 'actual_length': 2, 'table': 'cf_diario', 'subcategoria_id': 4}, {'field': 'cper', 'row_index': 13, 'value': "'2026'", 'error': "Campo 'cper' excede longitud máxima (4/1)", 'max_length': 1, 'actual_length': 4, 'table': 'cf_diario', 'subcategoria_id': 4}, {'field': 'cmes', 'row_index': 13, 'value': "'02'", 'error': "Campo 'cmes' excede longitud máxima (2/1)", 'max_length': 1, 'actual_length': 2, 'table': 'cf_diario', 'subcategoria_id': 4}, {'field': 'ccodori', 'row_index': 13, 'value': "'002'", 'error': "Campo 'ccodori' excede longitud máxima (3/1)", 'max_length': 1, 'actual_length': 3, 'table': 'cf_diario', 'subcategoria_id': 4}, {'field': 'ccodusu', 'row_index': 13, 'value': "'SISTEMAS'", 'error': "Campo 'ccodusu' excede longitud máxima (8/1)", 'max_length': 1, 'actual_length': 8, 'table': 'cf_diario', 'subcategoria_id': 4}, {'field': 'ccodsu', 'row_index': 13, 'value': "'14'", 'error': "Campo 'ccodsu' excede longitud máxima (2/1)", 'max_length': 1, 'actual_length': 2, 'table': 'cf_diario', 'subcategoria_id': 4}, {'field': 'cper', 'row_index': 14, 'value': "'2026'", 'error': "Campo 'cper' excede longitud máxima (4/1)", 'max_length': 1, 'actual_length': 4, 'table': 'cf_diario', 'subcategoria_id': 4}, {'field': 'cmes', 'row_index': 14, 'value': "'02'", 'error': "Campo 'cmes' excede longitud máxima (2/1)", 'max_length': 1, 'actual_length': 2, 'table': 'cf_diario', 'subcategoria_id': 4}, {'field': 'ccodori', 'row_index': 14, 'value': "'002'", 'error': "Campo 'ccodori' excede longitud máxima (3/1)", 'max_length': 1, 'actual_length': 3, 'table': 'cf_diario', 'subcategoria_id': 4}, {'field': 'ccodusu', 'row_index': 14, 'value': "'SISTEMAS'", 'error': "Campo 'ccodusu' excede longitud máxima (8/1)", 'max_length': 1, 'actual_length': 8, 'table': 'cf_diario', 'subcategoria_id': 4}, {'field': 'ccodsu', 'row_index': 14, 'value': "'14'", 'error': "Campo 'ccodsu' excede longitud máxima (2/1)", 'max_length': 1, 'actual_length': 2, 'table': 'cf_diario', 'subcategoria_id': 4}, {'field': 'cper', 'row_index': 15, 'value': "'2026'", 'error': "Campo 'cper' excede longitud máxima (4/1)", 'max_length': 1, 'actual_length': 4, 'table': 'cf_diario', 'subcategoria_id': 4}, {'field': 'cmes', 'row_index': 15, 'value': "'02'", 'error': "Campo 'cmes' excede longitud máxima (2/1)", 'max_length': 1, 'actual_length': 2, 'table': 'cf_diario', 'subcategoria_id': 4}, {'field': 'ccodori', 'row_index': 15, 'value': "'002'", 'error': "Campo 'ccodori' excede longitud máxima (3/1)", 'max_length': 1, 'actual_length': 3, 'table': 'cf_diario', 'subcategoria_id': 4}, {'field': 'ccodusu', 'row_index': 15, 'value': "'SISTEMAS'", 'error': "Campo 'ccodusu' excede longitud máxima (8/1)", 'max_length': 1, 'actual_length': 8, 'table': 'cf_diario', 'subcategoria_id': 4}, {'field': 'ccodsu', 'row_index': 15, 'value': "'14'", 'error': "Campo 'ccodsu' excede longitud máxima (2/1)", 'max_length': 1, 'actual_length': 2, 'table': 'cf_diario', 'subcategoria_id': 4}, {'field': 'cper', 'row_index': 16, 'value': "'2026'", 'error': "Campo 'cper' excede longitud máxima (4/1)", 'max_length': 1, 'actual_length': 4, 'table': 'cf_diario', 'subcategoria_id': 4}, {'field': 'cmes', 'row_index': 16, 'value': "'02'", 'error': "Campo 'cmes' excede longitud máxima (2/1)", 'max_length': 1, 'actual_length': 2, 'table': 'cf_diario', 'subcategoria_id': 4}, {'field': 'ccodori', 'row_index': 16, 'value': "'002'", 'error': "Campo 'ccodori' excede longitud máxima (3/1)", 'max_length': 1, 'actual_length': 3, 'table': 'cf_diario', 'subcategoria_id': 4}, {'field': 'ccodusu', 'row_index': 16, 'value': "'SISTEMAS'", 'error': "Campo 'ccodusu' excede longitud máxima (8/1)", 'max_length': 1, 'actual_length': 8, 'table': 'cf_diario', 'subcategoria_id': 4}, {'field': 'ccodsu', 'row_index': 16, 'value': "'14'", 'error': "Campo 'ccodsu' excede longitud máxima (2/1)", 'max_length': 1, 'actual_length': 2, 'table': 'cf_diario', 'subcategoria_id': 4}, {'field': 'cper', 'row_index': 17, 'value': "'2026'", 'error': "Campo 'cper' excede longitud máxima (4/1)", 'max_length': 1, 'actual_length': 4, 'table': 'cf_diario', 'subcategoria_id': 4}, {'field': 'cmes', 'row_index': 17, 'value': "'02'", 'error': "Campo 'cmes' excede longitud máxima (2/1)", 'max_length': 1, 'actual_length': 2, 'table': 'cf_diario', 'subcategoria_id': 4}, {'field': 'ccodori', 'row_index': 17, 'value': "'002'", 'error': "Campo 'ccodori' excede longitud máxima (3/1)", 'max_length': 1, 'actual_length': 3, 'table': 'cf_diario', 'subcategoria_id': 4}, {'field': 'ccodusu', 'row_index': 17, 'value': "'SISTEMAS'", 'error': "Campo 'ccodusu' excede longitud máxima (8/1)", 'max_length': 1, 'actual_length': 8, 'table': 'cf_diario', 'subcategoria_id': 4}, {'field': 'ccodsu', 'row_index': 17, 'value': "'14'", 'error': "Campo 'ccodsu' excede longitud máxima (2/1)", 'max_length': 1, 'actual_length': 2, 'table': 'cf_diario', 'subcategoria_id': 4}, {'field': 'cper', 'row_index': 18, 'value': "'2026'", 'error': "Campo 'cper' excede longitud máxima (4/1)", 'max_length': 1, 'actual_length': 4, 'table': 'cf_diario', 'subcategoria_id': 4}, {'field': 'cmes', 'row_index': 18, 'value': "'02'", 'error': "Campo 'cmes' excede longitud máxima (2/1)", 'max_length': 1, 'actual_length': 2, 'table': 'cf_diario', 'subcategoria_id': 4}, {'field': 'ccodori', 'row_index': 18, 'value': "'002'", 'error': "Campo 'ccodori' excede longitud máxima (3/1)", 'max_length': 1, 'actual_length': 3, 'table': 'cf_diario', 'subcategoria_id': 4}, {'field': 'ccodusu', 'row_index': 18, 'value': "'SISTEMAS'", 'error': "Campo 'ccodusu' excede longitud máxima (8/1)", 'max_length': 1, 'actual_length': 8, 'table': 'cf_diario', 'subcategoria_id': 4}, {'field': 'ccodsu', 'row_index': 18, 'value': "'14'", 'error': "Campo 'ccodsu' excede longitud máxima (2/1)", 'max_length': 1, 'actual_length': 2, 'table': 'cf_diario', 'subcategoria_id': 4}, {'field': 'cper', 'row_index': 19, 'value': "'2026'", 'error': "Campo 'cper' excede longitud máxima (4/1)", 'max_length': 1, 'actual_length': 4, 'table': 'cf_diario', 'subcategoria_id': 4}, {'field': 'cmes', 'row_index': 19, 'value': "'02'", 'error': "Campo 'cmes' excede longitud máxima (2/1)", 'max_length': 1, 'actual_length': 2, 'table': 'cf_diario', 'subcategoria_id': 4}, {'field': 'ccodori', 'row_index': 19, 'value': "'002'", 'error': "Campo 'ccodori' excede longitud máxima (3/1)", 'max_length': 1, 'actual_length': 3, 'table': 'cf_diario', 'subcategoria_id': 4}, {'field': 'ccodusu', 'row_index': 19, 'value': "'SISTEMAS'", 'error': "Campo 'ccodusu' excede longitud máxima (8/1)", 'max_length': 1, 'actual_length': 8, 'table': 'cf_diario', 'subcategoria_id': 4}, {'field': 'ccodsu', 'row_index': 19, 'value': "'14'", 'error': "Campo 'ccodsu' excede longitud máxima (2/1)", 'max_length': 1, 'actual_length': 2, 'table': 'cf_diario', 'subcategoria_id': 4}, {'field': 'cper', 'row_index': 20, 'value': "'2026'", 'error': "Campo 'cper' excede longitud máxima (4/1)", 'max_length': 1, 'actual_length': 4, 'table': 'cf_diario', 'subcategoria_id': 4}, {'field': 'cmes', 'row_index': 20, 'value': "'02'", 'error': "Campo 'cmes' excede longitud máxima (2/1)", 'max_length': 1, 'actual_length': 2, 'table': 'cf_diario', 'subcategoria_id': 4}, {'field': 'ccodori', 'row_index': 20, 'value': "'002'", 'error': "Campo 'ccodori' excede longitud máxima (3/1)", 'max_length': 1, 'actual_length': 3, 'table': 'cf_diario', 'subcategoria_id': 4}, {'field': 'ccodusu', 'row_index': 20, 'value': "'SISTEMAS'", 'error': "Campo 'ccodusu' excede longitud máxima (8/1)", 'max_length': 1, 'actual_length': 8, 'table': 'cf_diario', 'subcategoria_id': 4}, {'field': 'ccodsu', 'row_index': 20, 'value': "'14'", 'error': "Campo 'ccodsu' excede longitud máxima (2/1)", 'max_length': 1, 'actual_length': 2, 'table': 'cf_diario', 'subcategoria_id': 4}, {'field': 'cper', 'row_index': 21, 'value': "'2026'", 'error': "Campo 'cper' excede longitud máxima (4/1)", 'max_length': 1, 'actual_length': 4, 'table': 'cf_diario', 'subcategoria_id': 4}, {'field': 'cmes', 'row_index': 21, 'value': "'02'", 'error': "Campo 'cmes' excede longitud máxima (2/1)", 'max_length': 1, 'actual_length': 2, 'table': 'cf_diario', 'subcategoria_id': 4}, {'field': 'ccodori', 'row_index': 21, 'value': "'002'", 'error': "Campo 'ccodori' excede longitud máxima (3/1)", 'max_length': 1, 'actual_length': 3, 'table': 'cf_diario', 'subcategoria_id': 4}, {'field': 'ccodusu', 'row_index': 21, 'value': "'SISTEMAS'", 'error': "Campo 'ccodusu' excede longitud máxima (8/1)", 'max_length': 1, 'actual_length': 8, 'table': 'cf_diario', 'subcategoria_id': 4}, {'field': 'ccodsu', 'row_index': 21, 'value': "'14'", 'error': "Campo 'ccodsu' excede longitud máxima (2/1)", 'max_length': 1, 'actual_length': 2, 'table': 'cf_diario', 'subcategoria_id': 4}, {'field': 'cper', 'row_index': 22, 'value': "'2026'", 'error': "Campo 'cper' excede longitud máxima (4/1)", 'max_length': 1, 'actual_length': 4, 'table': 'cf_diario', 'subcategoria_id': 4}, {'field': 'cmes', 'row_index': 22, 'value': "'02'", 'error': "Campo 'cmes' excede longitud máxima (2/1)", 'max_length': 1, 'actual_length': 2, 'table': 'cf_diario', 'subcategoria_id': 4}, {'field': 'ccodori', 'row_index': 22, 'value': "'002'", 'error': "Campo 'ccodori' excede longitud máxima (3/1)", 'max_length': 1, 'actual_length': 3, 'table': 'cf_diario', 'subcategoria_id': 4}, {'field': 'ccodusu', 'row_index': 22, 'value': "'SISTEMAS'", 'error': "Campo 'ccodusu' excede longitud máxima (8/1)", 'max_length': 1, 'actual_length': 8, 'table': 'cf_diario', 'subcategoria_id': 4}, {'field': 'ccodsu', 'row_index': 22, 'value': "'14'", 'error': "Campo 'ccodsu' excede longitud máxima (2/1)", 'max_length': 1, 'actual_length': 2, 'table': 'cf_diario', 'subcategoria_id': 4}, {'field': 'cper', 'row_index': 23, 'value': "'2026'", 'error': "Campo 'cper' excede longitud máxima (4/1)", 'max_length': 1, 'actual_length': 4, 'table': 'cf_diario', 'subcategoria_id': 4}, {'field': 'cmes', 'row_index': 23, 'value': "'02'", 'error': "Campo 'cmes' excede longitud máxima (2/1)", 'max_length': 1, 'actual_length': 2, 'table': 'cf_diario', 'subcategoria_id': 4}, {'field': 'ccodori', 'row_index': 23, 'value': "'002'", 'error': "Campo 'ccodori' excede longitud máxima (3/1)", 'max_length': 1, 'actual_length': 3, 'table': 'cf_diario', 'subcategoria_id': 4}, {'field': 'ccodusu', 'row_index': 23, 'value': "'SISTEMAS'", 'error': "Campo 'ccodusu' excede longitud máxima (8/1)", 'max_length': 1, 'actual_length': 8, 'table': 'cf_diario', 'subcategoria_id': 4}, {'field': 'ccodsu', 'row_index': 23, 'value': "'14'", 'error': "Campo 'ccodsu' excede longitud máxima (2/1)", 'max_length': 1, 'actual_length': 2, 'table': 'cf_diario', 'subcategoria_id': 4}, {'field': 'cper', 'row_index': 24, 'value': "'2026'", 'error': "Campo 'cper' excede longitud máxima (4/1)", 'max_length': 1, 'actual_length': 4, 'table': 'cf_diario', 'subcategoria_id': 4}, {'field': 'cmes', 'row_index': 24, 'value': "'02'", 'error': "Campo 'cmes' excede longitud máxima (2/1)", 'max_length': 1, 'actual_length': 2, 'table': 'cf_diario', 'subcategoria_id': 4}, {'field': 'ccodori', 'row_index': 24, 'value': "'002'", 'error': "Campo 'ccodori' excede longitud máxima (3/1)", 'max_length': 1, 'actual_length': 3, 'table': 'cf_diario', 'subcategoria_id': 4}, {'field': 'ccodusu', 'row_index': 24, 'value': "'SISTEMAS'", 'error': "Campo 'ccodusu' excede longitud máxima (8/1)", 'max_length': 1, 'actual_length': 8, 'table': 'cf_diario', 'subcategoria_id': 4}, {'field': 'ccodsu', 'row_index': 24, 'value': "'14'", 'error': "Campo 'ccodsu' excede longitud máxima (2/1)", 'max_length': 1, 'actual_length': 2, 'table': 'cf_diario', 'subcategoria_id': 4}, {'field': 'cper', 'row_index': 25, 'value': "'2026'", 'error': "Campo 'cper' excede longitud máxima (4/1)", 'max_length': 1, 'actual_length': 4, 'table': 'cf_diario', 'subcategoria_id': 4}, {'field': 'cmes', 'row_index': 25, 'value': "'02'", 'error': "Campo 'cmes' excede longitud máxima (2/1)", 'max_length': 1, 'actual_length': 2, 'table': 'cf_diario', 'subcategoria_id': 4}, {'field': 'ccodori', 'row_index': 25, 'value': "'002'", 'error': "Campo 'ccodori' excede longitud máxima (3/1)", 'max_length': 1, 'actual_length': 3, 'table': 'cf_diario', 'subcategoria_id': 4}, {'field': 'ccodusu', 'row_index': 25, 'value': "'SISTEMAS'", 'error': "Campo 'ccodusu' excede longitud máxima (8/1)", 'max_length': 1, 'actual_length': 8, 'table': 'cf_diario', 'subcategoria_id': 4}, {'field': 'ccodsu', 'row_index': 25, 'value': "'14'", 'error': "Campo 'ccodsu' excede longitud máxima (2/1)", 'max_length': 1, 'actual_length': 2, 'table': 'cf_diario', 'subcategoria_id': 4}, {'field': 'cper', 'row_index': 26, 'value': "'2026'", 'error': "Campo 'cper' excede longitud máxima (4/1)", 'max_length': 1, 'actual_length': 4, 'table': 'cf_diario', 'subcategoria_id': 4}, {'field': 'cmes', 'row_index': 26, 'value': "'02'", 'error': "Campo 'cmes' excede longitud máxima (2/1)", 'max_length': 1, 'actual_length': 2, 'table': 'cf_diario', 'subcategoria_id': 4}, {'field': 'ccodori', 'row_index': 26, 'value': "'002'", 'error': "Campo 'ccodori' excede longitud máxima (3/1)", 'max_length': 1, 'actual_length': 3, 'table': 'cf_diario', 'subcategoria_id': 4}, {'field': 'ccodusu', 'row_index': 26, 'value': "'SISTEMAS'", 'error': "Campo 'ccodusu' excede longitud máxima (8/1)", 'max_length': 1, 'actual_length': 8, 'table': 'cf_diario', 'subcategoria_id': 4}, {'field': 'ccodsu', 'row_index': 26, 'value': "'14'", 'error': "Campo 'ccodsu' excede longitud máxima (2/1)", 'max_length': 1, 'actual_length': 2, 'table': 'cf_diario', 'subcategoria_id': 4}, {'field': 'cper', 'row_index': 27, 'value': "'2026'", 'error': "Campo 'cper' excede longitud máxima (4/1)", 'max_length': 1, 'actual_length': 4, 'table': 'cf_diario', 'subcategoria_id': 4}, {'field': 'cmes', 'row_index': 27, 'value': "'02'", 'error': "Campo 'cmes' excede longitud máxima (2/1)", 'max_length': 1, 'actual_length': 2, 'table': 'cf_diario', 'subcategoria_id': 4}, {'field': 'ccodori', 'row_index': 27, 'value': "'002'", 'error': "Campo 'ccodori' excede longitud máxima (3/1)", 'max_length': 1, 'actual_length': 3, 'table': 'cf_diario', 'subcategoria_id': 4}, {'field': 'ccodusu', 'row_index': 27, 'value': "'SISTEMAS'", 'error': "Campo 'ccodusu' excede longitud máxima (8/1)", 'max_length': 1, 'actual_length': 8, 'table': 'cf_diario', 'subcategoria_id': 4}, {'field': 'ccodsu', 'row_index': 27, 'value': "'14'", 'error': "Campo 'ccodsu' excede longitud máxima (2/1)", 'max_length': 1, 'actual_length': 2, 'table': 'cf_diario', 'subcategoria_id': 4}, {'field': 'cper', 'row_index': 28, 'value': "'2026'", 'error': "Campo 'cper' excede longitud máxima (4/1)", 'max_length': 1, 'actual_length': 4, 'table': 'cf_diario', 'subcategoria_id': 4}, {'field': 'cmes', 'row_index': 28, 'value': "'02'", 'error': "Campo 'cmes' excede longitud máxima (2/1)", 'max_length': 1, 'actual_length': 2, 'table': 'cf_diario', 'subcategoria_id': 4}, {'field': 'ccodori', 'row_index': 28, 'value': "'002'", 'error': "Campo 'ccodori' excede longitud máxima (3/1)", 'max_length': 1, 'actual_length': 3, 'table': 'cf_diario', 'subcategoria_id': 4}, {'field': 'ccodusu', 'row_index': 28, 'value': "'SISTEMAS'", 'error': "Campo 'ccodusu' excede longitud máxima (8/1)", 'max_length': 1, 'actual_length': 8, 'table': 'cf_diario', 'subcategoria_id': 4}, {'field': 'ccodsu', 'row_index': 28, 'value': "'14'", 'error': "Campo 'ccodsu' excede longitud máxima (2/1)", 'max_length': 1, 'actual_length': 2, 'table': 'cf_diario', 'subcategoria_id': 4}, {'field': 'cper', 'row_index': 29, 'value': "'2026'", 'error': "Campo 'cper' excede longitud máxima (4/1)", 'max_length': 1, 'actual_length': 4, 'table': 'cf_diario', 'subcategoria_id': 4}, {'field': 'cmes', 'row_index': 29, 'value': "'02'", 'error': "Campo 'cmes' excede longitud máxima (2/1)", 'max_length': 1, 'actual_length': 2, 'table': 'cf_diario', 'subcategoria_id': 4}, {'field': 'ccodori', 'row_index': 29, 'value': "'002'", 'error': "Campo 'ccodori' excede longitud máxima (3/1)", 'max_length': 1, 'actual_length': 3, 'table': 'cf_diario', 'subcategoria_id': 4}, {'field': 'ccodusu', 'row_index': 29, 'value': "'SISTEMAS'", 'error': "Campo 'ccodusu' excede longitud máxima (8/1)", 'max_length': 1, 'actual_length': 8, 'table': 'cf_diario', 'subcategoria_id': 4}, {'field': 'ccodsu', 'row_index': 29, 'value': "'14'", 'error': "Campo 'ccodsu' excede longitud máxima (2/1)", 'max_length': 1, 'actual_length': 2, 'table': 'cf_diario', 'subcategoria_id': 4}, {'field': 'cper', 'row_index': 30, 'value': "'2026'", 'error': "Campo 'cper' excede longitud máxima (4/1)", 'max_length': 1, 'actual_length': 4, 'table': 'cf_diario', 'subcategoria_id': 4}, {'field': 'cmes', 'row_index': 30, 'value': "'02'", 'error': "Campo 'cmes' excede longitud máxima (2/1)", 'max_length': 1, 'actual_length': 2, 'table': 'cf_diario', 'subcategoria_id': 4}, {'field': 'ccodori', 'row_index': 30, 'value': "'002'", 'error': "Campo 'ccodori' excede longitud máxima (3/1)", 'max_length': 1, 'actual_length': 3, 'table': 'cf_diario', 'subcategoria_id': 4}, {'field': 'ccodusu', 'row_index': 30, 'value': "'SISTEMAS'", 'error': "Campo 'ccodusu' excede longitud máxima (8/1)", 'max_length': 1, 'actual_length': 8, 'table': 'cf_diario', 'subcategoria_id': 4}, {'field': 'ccodsu', 'row_index': 30, 'value': "'14'", 'error': "Campo 'ccodsu' excede longitud máxima (2/1)", 'max_length': 1, 'actual_length': 2, 'table': 'cf_diario', 'subcategoria_id': 4}, {'field': 'cper', 'row_index': 31, 'value': "'2026'", 'error': "Campo 'cper' excede longitud máxima (4/1)", 'max_length': 1, 'actual_length': 4, 'table': 'cf_diario', 'subcategoria_id': 4}, {'field': 'cmes', 'row_index': 31, 'value': "'02'", 'error': "Campo 'cmes' excede longitud máxima (2/1)", 'max_length': 1, 'actual_length': 2, 'table': 'cf_diario', 'subcategoria_id': 4}, {'field': 'ccodori', 'row_index': 31, 'value': "'002'", 'error': "Campo 'ccodori' excede longitud máxima (3/1)", 'max_length': 1, 'actual_length': 3, 'table': 'cf_diario', 'subcategoria_id': 4}, {'field': 'ccodusu', 'row_index': 31, 'value': "'SISTEMAS'", 'error': "Campo 'ccodusu' excede longitud máxima (8/1)", 'max_length': 1, 'actual_length': 8, 'table': 'cf_diario', 'subcategoria_id': 4}, {'field': 'ccodsu', 'row_index': 31, 'value': "'14'", 'error': "Campo 'ccodsu' excede longitud máxima (2/1)", 'max_length': 1, 'actual_length': 2, 'table': 'cf_diario', 'subcategoria_id': 4}, {'field': 'cper', 'row_index': 32, 'value': "'2026'", 'error': "Campo 'cper' excede longitud máxima (4/1)", 'max_length': 1, 'actual_length': 4, 'table': 'cf_diario', 'subcategoria_id': 4}, {'field': 'cmes', 'row_index': 32, 'value': "'02'", 'error': "Campo 'cmes' excede longitud máxima (2/1)", 'max_length': 1, 'actual_length': 2, 'table': 'cf_diario', 'subcategoria_id': 4}, {'field': 'ccodori', 'row_index': 32, 'value': "'002'", 'error': "Campo 'ccodori' excede longitud máxima (3/1)", 'max_length': 1, 'actual_length': 3, 'table': 'cf_diario', 'subcategoria_id': 4}, {'field': 'ccodusu', 'row_index': 32, 'value': "'SISTEMAS'", 'error': "Campo 'ccodusu' excede longitud máxima (8/1)", 'max_length': 1, 'actual_length': 8, 'table': 'cf_diario', 'subcategoria_id': 4}, {'field': 'ccodsu', 'row_index': 32, 'value': "'14'", 'error': "Campo 'ccodsu' excede longitud máxima (2/1)", 'max_length': 1, 'actual_length': 2, 'table': 'cf_diario', 'subcategoria_id': 4}, {'field': 'cper', 'row_index': 33, 'value': "'2026'", 'error': "Campo 'cper' excede longitud máxima (4/1)", 'max_length': 1, 'actual_length': 4, 'table': 'cf_diario', 'subcategoria_id': 4}, {'field': 'cmes', 'row_index': 33, 'value': "'02'", 'error': "Campo 'cmes' excede longitud máxima (2/1)", 'max_length': 1, 'actual_length': 2, 'table': 'cf_diario', 'subcategoria_id': 4}, {'field': 'ccodori', 'row_index': 33, 'value': "'002'", 'error': "Campo 'ccodori' excede longitud máxima (3/1)", 'max_length': 1, 'actual_length': 3, 'table': 'cf_diario', 'subcategoria_id': 4}, {'field': 'ccodusu', 'row_index': 33, 'value': "'SISTEMAS'", 'error': "Campo 'ccodusu' excede longitud máxima (8/1)", 'max_length': 1, 'actual_length': 8, 'table': 'cf_diario', 'subcategoria_id': 4}, {'field': 'ccodsu', 'row_index': 33, 'value': "'14'", 'error': "Campo 'ccodsu' excede longitud máxima (2/1)", 'max_length': 1, 'actual_length': 2, 'table': 'cf_diario', 'subcategoria_id': 4}, {'field': 'cper', 'row_index': 34, 'value': "'2026'", 'error': "Campo 'cper' excede longitud máxima (4/1)", 'max_length': 1, 'actual_length': 4, 'table': 'cf_diario', 'subcategoria_id': 4}, {'field': 'cmes', 'row_index': 34, 'value': "'02'", 'error': "Campo 'cmes' excede longitud máxima (2/1)", 'max_length': 1, 'actual_length': 2, 'table': 'cf_diario', 'subcategoria_id': 4}, {'field': 'ccodori', 'row_index': 34, 'value': "'002'", 'error': "Campo 'ccodori' excede longitud máxima (3/1)", 'max_length': 1, 'actual_length': 3, 'table': 'cf_diario', 'subcategoria_id': 4}, {'field': 'ccodusu', 'row_index': 34, 'value': "'SISTEMAS'", 'error': "Campo 'ccodusu' excede longitud máxima (8/1)", 'max_length': 1, 'actual_length': 8, 'table': 'cf_diario', 'subcategoria_id': 4}, {'field': 'ccodsu', 'row_index': 34, 'value': "'14'", 'error': "Campo 'ccodsu' excede longitud máxima (2/1)", 'max_length': 1, 'actual_length': 2, 'table': 'cf_diario', 'subcategoria_id': 4}, {'field': 'cper', 'row_index': 35, 'value': "'2026'", 'error': "Campo 'cper' excede longitud máxima (4/1)", 'max_length': 1, 'actual_length': 4, 'table': 'cf_diario', 'subcategoria_id': 4}, {'field': 'cmes', 'row_index': 35, 'value': "'02'", 'error': "Campo 'cmes' excede longitud máxima (2/1)", 'max_length': 1, 'actual_length': 2, 'table': 'cf_diario', 'subcategoria_id': 4}, {'field': 'ccodori', 'row_index': 35, 'value': "'002'", 'error': "Campo 'ccodori' excede longitud máxima (3/1)", 'max_length': 1, 'actual_length': 3, 'table': 'cf_diario', 'subcategoria_id': 4}, {'field': 'ccodusu', 'row_index': 35, 'value': "'SISTEMAS'", 'error': "Campo 'ccodusu' excede longitud máxima (8/1)", 'max_length': 1, 'actual_length': 8, 'table': 'cf_diario', 'subcategoria_id': 4}, {'field': 'ccodsu', 'row_index': 35, 'value': "'14'", 'error': "Campo 'ccodsu' excede longitud máxima (2/1)", 'max_length': 1, 'actual_length': 2, 'table': 'cf_diario', 'subcategoria_id': 4}, {'field': 'cper', 'row_index': 36, 'value': "'2026'", 'error': "Campo 'cper' excede longitud máxima (4/1)", 'max_length': 1, 'actual_length': 4, 'table': 'cf_diario', 'subcategoria_id': 4}, {'field': 'cmes', 'row_index': 36, 'value': "'02'", 'error': "Campo 'cmes' excede longitud máxima (2/1)", 'max_length': 1, 'actual_length': 2, 'table': 'cf_diario', 'subcategoria_id': 4}, {'field': 'ccodori', 'row_index': 36, 'value': "'002'", 'error': "Campo 'ccodori' excede longitud máxima (3/1)", 'max_length': 1, 'actual_length': 3, 'table': 'cf_diario', 'subcategoria_id': 4}, {'field': 'ccodusu', 'row_index': 36, 'value': "'SISTEMAS'", 'error': "Campo 'ccodusu' excede longitud máxima (8/1)", 'max_length': 1, 'actual_length': 8, 'table': 'cf_diario', 'subcategoria_id': 4}, {'field': 'ccodsu', 'row_index': 36, 'value': "'14'", 'error': "Campo 'ccodsu' excede longitud máxima (2/1)", 'max_length': 1, 'actual_length': 2, 'table': 'cf_diario', 'subcategoria_id': 4}, {'field': 'cper', 'row_index': 37, 'value': "'2026'", 'error': "Campo 'cper' excede longitud máxima (4/1)", 'max_length': 1, 'actual_length': 4, 'table': 'cf_diario', 'subcategoria_id': 4}, {'field': 'cmes', 'row_index': 37, 'value': "'02'", 'error': "Campo 'cmes' excede longitud máxima (2/1)", 'max_length': 1, 'actual_length': 2, 'table': 'cf_diario', 'subcategoria_id': 4}, {'field': 'ccodori', 'row_index': 37, 'value': "'002'", 'error': "Campo 'ccodori' excede longitud máxima (3/1)", 'max_length': 1, 'actual_length': 3, 'table': 'cf_diario', 'subcategoria_id': 4}, {'field': 'ccodusu', 'row_index': 37, 'value': "'SISTEMAS'", 'error': "Campo 'ccodusu' excede longitud máxima (8/1)", 'max_length': 1, 'actual_length': 8, 'table': 'cf_diario', 'subcategoria_id': 4}, {'field': 'ccodsu', 'row_index': 37, 'value': "'14'", 'error': "Campo 'ccodsu' excede longitud máxima (2/1)", 'max_length': 1, 'actual_length': 2, 'table': 'cf_diario', 'subcategoria_id': 4}, {'field': 'cper', 'row_index': 38, 'value': "'2026'", 'error': "Campo 'cper' excede longitud máxima (4/1)", 'max_length': 1, 'actual_length': 4, 'table': 'cf_diario', 'subcategoria_id': 4}, {'field': 'cmes', 'row_index': 38, 'value': "'02'", 'error': "Campo 'cmes' excede longitud máxima (2/1)", 'max_length': 1, 'actual_length': 2, 'table': 'cf_diario', 'subcategoria_id': 4}, {'field': 'ccodori', 'row_index': 38, 'value': "'002'", 'error': "Campo 'ccodori' excede longitud máxima (3/1)", 'max_length': 1, 'actual_length': 3, 'table': 'cf_diario', 'subcategoria_id': 4}, {'field': 'ccodusu', 'row_index': 38, 'value': "'SISTEMAS'", 'error': "Campo 'ccodusu' excede longitud máxima (8/1)", 'max_length': 1, 'actual_length': 8, 'table': 'cf_diario', 'subcategoria_id': 4}, {'field': 'ccodsu', 'row_index': 38, 'value': "'14'", 'error': "Campo 'ccodsu' excede longitud máxima (2/1)", 'max_length': 1, 'actual_length': 2, 'table': 'cf_diario', 'subcategoria_id': 4}, {'field': 'cper', 'row_index': 39, 'value': "'2026'", 'error': "Campo 'cper' excede longitud máxima (4/1)", 'max_length': 1, 'actual_length': 4, 'table': 'cf_diario', 'subcategoria_id': 4}, {'field': 'cmes', 'row_index': 39, 'value': "'02'", 'error': "Campo 'cmes' excede longitud máxima (2/1)", 'max_length': 1, 'actual_length': 2, 'table': 'cf_diario', 'subcategoria_id': 4}, {'field': 'ccodori', 'row_index': 39, 'value': "'002'", 'error': "Campo 'ccodori' excede longitud máxima (3/1)", 'max_length': 1, 'actual_length': 3, 'table': 'cf_diario', 'subcategoria_id': 4}, {'field': 'ccodusu', 'row_index': 39, 'value': "'SISTEMAS'", 'error': "Campo 'ccodusu' excede longitud máxima (8/1)", 'max_length': 1, 'actual_length': 8, 'table': 'cf_diario', 'subcategoria_id': 4}, {'field': 'ccodsu', 'row_index': 39, 'value': "'14'", 'error': "Campo 'ccodsu' excede longitud máxima (2/1)", 'max_length': 1, 'actual_length': 2, 'table': 'cf_diario', 'subcategoria_id': 4}]}
Traceback (most recent call last):
  File "C:\SistemaMigConta\backend\app\api\endpoints\mapeo.py", line 1104, in generate_to_cf_diariol
    gen, asis = _generate_subcategoria_cf_diariol(
                ~~~~~~~~~~~~~~~~~~~~~~~~~~~~~~~~~^
        sub, db, company_id, filters, lote_id, global_counters,
        ^^^^^^^^^^^^^^^^^^^^^^^^^^^^^^^^^^^^^^^^^^^^^^^^^^^^^^^
        generate_headers=(sub.generate_headers is not False),
        ^^^^^^^^^^^^^^^^^^^^^^^^^^^^^^^^^^^^^^^^^^^^^^^^^^^^^
        generate_details=(sub.generate_details is not False)
        ^^^^^^^^^^^^^^^^^^^^^^^^^^^^^^^^^^^^^^^^^^^^^^^^^^^^
    )
    ^
  File "C:\SistemaMigConta\backend\app\api\endpoints\mapeo.py", line 748, in _generate_subcategoria_cf_diariol
    raise HTTPException(
    ...<5 lines>...
    )
fastapi.exceptions.HTTPException: 422: {'message': 'Errores de validación en cabecera (Registro de Ventas)', 'errors': [{'field': 'cper', 'row_index': 0, 'value': "'2026'", 'error': "Campo 'cper' excede longitud máxima (4/1)", 'max_length': 1, 'actual_length': 4, 'table': 'cf_diario', 'subcategoria_id': 4}, {'field': 'cmes', 'row_index': 0, 'value': "'02'", 'error': "Campo 'cmes' excede longitud máxima (2/1)", 'max_length': 1, 'actual_length': 2, 'table': 'cf_diario', 'subcategoria_id': 4}, {'field': 'ccodori', 'row_index': 0, 'value': "'002'", 'error': "Campo 'ccodori' excede longitud máxima (3/1)", 'max_length': 1, 'actual_length': 3, 'table': 'cf_diario', 'subcategoria_id': 4}, {'field': 'ccodusu', 'row_index': 0, 'value': "'SISTEMAS'", 'error': "Campo 'ccodusu' excede longitud máxima (8/1)", 'max_length': 1, 'actual_length': 8, 'table': 'cf_diario', 'subcategoria_id': 4}, {'field': 'ccodsu', 'row_index': 0, 'value': "'14'", 'error': "Campo 'ccodsu' excede longitud máxima (2/1)", 'max_length': 1, 'actual_length': 2, 'table': 'cf_diario', 'subcategoria_id': 4}, {'field': 'cper', 'row_index': 1, 'value': "'2026'", 'error': "Campo 'cper' excede longitud máxima (4/1)", 'max_length': 1, 'actual_length': 4, 'table': 'cf_diario', 'subcategoria_id': 4}, {'field': 'cmes', 'row_index': 1, 'value': "'02'", 'error': "Campo 'cmes' excede longitud máxima (2/1)", 'max_length': 1, 'actual_length': 2, 'table': 'cf_diario', 'subcategoria_id': 4}, {'field': 'ccodori', 'row_index': 1, 'value': "'002'", 'error': "Campo 'ccodori' excede longitud máxima (3/1)", 'max_length': 1, 'actual_length': 3, 'table': 'cf_diario', 'subcategoria_id': 4}, {'field': 'ccodusu', 'row_index': 1, 'value': "'SISTEMAS'", 'error': "Campo 'ccodusu' excede longitud máxima (8/1)", 'max_length': 1, 'actual_length': 8, 'table': 'cf_diario', 'subcategoria_id': 4}, {'field': 'ccodsu', 'row_index': 1, 'value': "'14'", 'error': "Campo 'ccodsu' excede longitud máxima (2/1)", 'max_length': 1, 'actual_length': 2, 'table': 'cf_diario', 'subcategoria_id': 4}, {'field': 'cper', 'row_index': 2, 'value': "'2026'", 'error': "Campo 'cper' excede longitud máxima (4/1)", 'max_length': 1, 'actual_length': 4, 'table': 'cf_diario', 'subcategoria_id': 4}, {'field': 'cmes', 'row_index': 2, 'value': "'02'", 'error': "Campo 'cmes' excede longitud máxima (2/1)", 'max_length': 1, 'actual_length': 2, 'table': 'cf_diario', 'subcategoria_id': 4}, {'field': 'ccodori', 'row_index': 2, 'value': "'002'", 'error': "Campo 'ccodori' excede longitud máxima (3/1)", 'max_length': 1, 'actual_length': 3, 'table': 'cf_diario', 'subcategoria_id': 4}, {'field': 'ccodusu', 'row_index': 2, 'value': "'SISTEMAS'", 'error': "Campo 'ccodusu' excede longitud máxima (8/1)", 'max_length': 1, 'actual_length': 8, 'table': 'cf_diario', 'subcategoria_id': 4}, {'field': 'ccodsu', 'row_index': 2, 'value': "'14'", 'error': "Campo 'ccodsu' excede longitud máxima (2/1)", 'max_length': 1, 'actual_length': 2, 'table': 'cf_diario', 'subcategoria_id': 4}, {'field': 'cper', 'row_index': 3, 'value': "'2026'", 'error': "Campo 'cper' excede longitud máxima (4/1)", 'max_length': 1, 'actual_length': 4, 'table': 'cf_diario', 'subcategoria_id': 4}, {'field': 'cmes', 'row_index': 3, 'value': "'02'", 'error': "Campo 'cmes' excede longitud máxima (2/1)", 'max_length': 1, 'actual_length': 2, 'table': 'cf_diario', 'subcategoria_id': 4}, {'field': 'ccodori', 'row_index': 3, 'value': "'002'", 'error': "Campo 'ccodori' excede longitud máxima (3/1)", 'max_length': 1, 'actual_length': 3, 'table': 'cf_diario', 'subcategoria_id': 4}, {'field': 'ccodusu', 'row_index': 3, 'value': "'SISTEMAS'", 'error': "Campo 'ccodusu' excede longitud máxima (8/1)", 'max_length': 1, 'actual_length': 8, 'table': 'cf_diario', 'subcategoria_id': 4}, {'field': 'ccodsu', 'row_index': 3, 'value': "'14'", 'error': "Campo 'ccodsu' excede longitud máxima (2/1)", 'max_length': 1, 'actual_length': 2, 'table': 'cf_diario', 'subcategoria_id': 4}, {'field': 'cper', 'row_index': 4, 'value': "'2026'", 'error': "Campo 'cper' excede longitud máxima (4/1)", 'max_length': 1, 'actual_length': 4, 'table': 'cf_diario', 'subcategoria_id': 4}, {'field': 'cmes', 'row_index': 4, 'value': "'02'", 'error': "Campo 'cmes' excede longitud máxima (2/1)", 'max_length': 1, 'actual_length': 2, 'table': 'cf_diario', 'subcategoria_id': 4}, {'field': 'ccodori', 'row_index': 4, 'value': "'002'", 'error': "Campo 'ccodori' excede longitud máxima (3/1)", 'max_length': 1, 'actual_length': 3, 'table': 'cf_diario', 'subcategoria_id': 4}, {'field': 'ccodusu', 'row_index': 4, 'value': "'SISTEMAS'", 'error': "Campo 'ccodusu' excede longitud máxima (8/1)", 'max_length': 1, 'actual_length': 8, 'table': 'cf_diario', 'subcategoria_id': 4}, {'field': 'ccodsu', 'row_index': 4, 'value': "'14'", 'error': "Campo 'ccodsu' excede longitud máxima (2/1)", 'max_length': 1, 'actual_length': 2, 'table': 'cf_diario', 'subcategoria_id': 4}, {'field': 'cper', 'row_index': 5, 'value': "'2026'", 'error': "Campo 'cper' excede longitud máxima (4/1)", 'max_length': 1, 'actual_length': 4, 'table': 'cf_diario', 'subcategoria_id': 4}, {'field': 'cmes', 'row_index': 5, 'value': "'02'", 'error': "Campo 'cmes' excede longitud máxima (2/1)", 'max_length': 1, 'actual_length': 2, 'table': 'cf_diario', 'subcategoria_id': 4}, {'field': 'ccodori', 'row_index': 5, 'value': "'002'", 'error': "Campo 'ccodori' excede longitud máxima (3/1)", 'max_length': 1, 'actual_length': 3, 'table': 'cf_diario', 'subcategoria_id': 4}, {'field': 'ccodusu', 'row_index': 5, 'value': "'SISTEMAS'", 'error': "Campo 'ccodusu' excede longitud máxima (8/1)", 'max_length': 1, 'actual_length': 8, 'table': 'cf_diario', 'subcategoria_id': 4}, {'field': 'ccodsu', 'row_index': 5, 'value': "'14'", 'error': "Campo 'ccodsu' excede longitud máxima (2/1)", 'max_length': 1, 'actual_length': 2, 'table': 'cf_diario', 'subcategoria_id': 4}, {'field': 'cper', 'row_index': 6, 'value': "'2026'", 'error': "Campo 'cper' excede longitud máxima (4/1)", 'max_length': 1, 'actual_length': 4, 'table': 'cf_diario', 'subcategoria_id': 4}, {'field': 'cmes', 'row_index': 6, 'value': "'02'", 'error': "Campo 'cmes' excede longitud máxima (2/1)", 'max_length': 1, 'actual_length': 2, 'table': 'cf_diario', 'subcategoria_id': 4}, {'field': 'ccodori', 'row_index': 6, 'value': "'002'", 'error': "Campo 'ccodori' excede longitud máxima (3/1)", 'max_length': 1, 'actual_length': 3, 'table': 'cf_diario', 'subcategoria_id': 4}, {'field': 'ccodusu', 'row_index': 6, 'value': "'SISTEMAS'", 'error': "Campo 'ccodusu' excede longitud máxima (8/1)", 'max_length': 1, 'actual_length': 8, 'table': 'cf_diario', 'subcategoria_id': 4}, {'field': 'ccodsu', 'row_index': 6, 'value': "'14'", 'error': "Campo 'ccodsu' excede longitud máxima (2/1)", 'max_length': 1, 'actual_length': 2, 'table': 'cf_diario', 'subcategoria_id': 4}, {'field': 'cper', 'row_index': 7, 'value': "'2026'", 'error': "Campo 'cper' excede longitud máxima (4/1)", 'max_length': 1, 'actual_length': 4, 'table': 'cf_diario', 'subcategoria_id': 4}, {'field': 'cmes', 'row_index': 7, 'value': "'02'", 'error': "Campo 'cmes' excede longitud máxima (2/1)", 'max_length': 1, 'actual_length': 2, 'table': 'cf_diario', 'subcategoria_id': 4}, {'field': 'ccodori', 'row_index': 7, 'value': "'002'", 'error': "Campo 'ccodori' excede longitud máxima (3/1)", 'max_length': 1, 'actual_length': 3, 'table': 'cf_diario', 'subcategoria_id': 4}, {'field': 'ccodusu', 'row_index': 7, 'value': "'SISTEMAS'", 'error': "Campo 'ccodusu' excede longitud máxima (8/1)", 'max_length': 1, 'actual_length': 8, 'table': 'cf_diario', 'subcategoria_id': 4}, {'field': 'ccodsu', 'row_index': 7, 'value': "'14'", 'error': "Campo 'ccodsu' excede longitud máxima (2/1)", 'max_length': 1, 'actual_length': 2, 'table': 'cf_diario', 'subcategoria_id': 4}, {'field': 'cper', 'row_index': 8, 'value': "'2026'", 'error': "Campo 'cper' excede longitud máxima (4/1)", 'max_length': 1, 'actual_length': 4, 'table': 'cf_diario', 'subcategoria_id': 4}, {'field': 'cmes', 'row_index': 8, 'value': "'02'", 'error': "Campo 'cmes' excede longitud máxima (2/1)", 'max_length': 1, 'actual_length': 2, 'table': 'cf_diario', 'subcategoria_id': 4}, {'field': 'ccodori', 'row_index': 8, 'value': "'002'", 'error': "Campo 'ccodori' excede longitud máxima (3/1)", 'max_length': 1, 'actual_length': 3, 'table': 'cf_diario', 'subcategoria_id': 4}, {'field': 'ccodusu', 'row_index': 8, 'value': "'SISTEMAS'", 'error': "Campo 'ccodusu' excede longitud máxima (8/1)", 'max_length': 1, 'actual_length': 8, 'table': 'cf_diario', 'subcategoria_id': 4}, {'field': 'ccodsu', 'row_index': 8, 'value': "'14'", 'error': "Campo 'ccodsu' excede longitud máxima (2/1)", 'max_length': 1, 'actual_length': 2, 'table': 'cf_diario', 'subcategoria_id': 4}, {'field': 'cper', 'row_index': 9, 'value': "'2026'", 'error': "Campo 'cper' excede longitud máxima (4/1)", 'max_length': 1, 'actual_length': 4, 'table': 'cf_diario', 'subcategoria_id': 4}, {'field': 'cmes', 'row_index': 9, 'value': "'02'", 'error': "Campo 'cmes' excede longitud máxima (2/1)", 'max_length': 1, 'actual_length': 2, 'table': 'cf_diario', 'subcategoria_id': 4}, {'field': 'ccodori', 'row_index': 9, 'value': "'002'", 'error': "Campo 'ccodori' excede longitud máxima (3/1)", 'max_length': 1, 'actual_length': 3, 'table': 'cf_diario', 'subcategoria_id': 4}, {'field': 'ccodusu', 'row_index': 9, 'value': "'SISTEMAS'", 'error': "Campo 'ccodusu' excede longitud máxima (8/1)", 'max_length': 1, 'actual_length': 8, 'table': 'cf_diario', 'subcategoria_id': 4}, {'field': 'ccodsu', 'row_index': 9, 'value': "'14'", 'error': "Campo 'ccodsu' excede longitud máxima (2/1)", 'max_length': 1, 'actual_length': 2, 'table': 'cf_diario', 'subcategoria_id': 4}, {'field': 'cper', 'row_index': 10, 'value': "'2026'", 'error': "Campo 'cper' excede longitud máxima (4/1)", 'max_length': 1, 'actual_length': 4, 'table': 'cf_diario', 'subcategoria_id': 4}, {'field': 'cmes', 'row_index': 10, 'value': "'02'", 'error': "Campo 'cmes' excede longitud máxima (2/1)", 'max_length': 1, 'actual_length': 2, 'table': 'cf_diario', 'subcategoria_id': 4}, {'field': 'ccodori', 'row_index': 10, 'value': "'002'", 'error': "Campo 'ccodori' excede longitud máxima (3/1)", 'max_length': 1, 'actual_length': 3, 'table': 'cf_diario', 'subcategoria_id': 4}, {'field': 'ccodusu', 'row_index': 10, 'value': "'SISTEMAS'", 'error': "Campo 'ccodusu' excede longitud máxima (8/1)", 'max_length': 1, 'actual_length': 8, 'table': 'cf_diario', 'subcategoria_id': 4}, {'field': 'ccodsu', 'row_index': 10, 'value': "'14'", 'error': "Campo 'ccodsu' excede longitud máxima (2/1)", 'max_length': 1, 'actual_length': 2, 'table': 'cf_diario', 'subcategoria_id': 4}, {'field': 'cper', 'row_index': 11, 'value': "'2026'", 'error': "Campo 'cper' excede longitud máxima (4/1)", 'max_length': 1, 'actual_length': 4, 'table': 'cf_diario', 'subcategoria_id': 4}, {'field': 'cmes', 'row_index': 11, 'value': "'02'", 'error': "Campo 'cmes' excede longitud máxima (2/1)", 'max_length': 1, 'actual_length': 2, 'table': 'cf_diario', 'subcategoria_id': 4}, {'field': 'ccodori', 'row_index': 11, 'value': "'002'", 'error': "Campo 'ccodori' excede longitud máxima (3/1)", 'max_length': 1, 'actual_length': 3, 'table': 'cf_diario', 'subcategoria_id': 4}, {'field': 'ccodusu', 'row_index': 11, 'value': "'SISTEMAS'", 'error': "Campo 'ccodusu' excede longitud máxima (8/1)", 'max_length': 1, 'actual_length': 8, 'table': 'cf_diario', 'subcategoria_id': 4}, {'field': 'ccodsu', 'row_index': 11, 'value': "'14'", 'error': "Campo 'ccodsu' excede longitud máxima (2/1)", 'max_length': 1, 'actual_length': 2, 'table': 'cf_diario', 'subcategoria_id': 4}, {'field': 'cper', 'row_index': 12, 'value': "'2026'", 'error': "Campo 'cper' excede longitud máxima (4/1)", 'max_length': 1, 'actual_length': 4, 'table': 'cf_diario', 'subcategoria_id': 4}, {'field': 'cmes', 'row_index': 12, 'value': "'02'", 'error': "Campo 'cmes' excede longitud máxima (2/1)", 'max_length': 1, 'actual_length': 2, 'table': 'cf_diario', 'subcategoria_id': 4}, {'field': 'ccodori', 'row_index': 12, 'value': "'002'", 'error': "Campo 'ccodori' excede longitud máxima (3/1)", 'max_length': 1, 'actual_length': 3, 'table': 'cf_diario', 'subcategoria_id': 4}, {'field': 'ccodusu', 'row_index': 12, 'value': "'SISTEMAS'", 'error': "Campo 'ccodusu' excede longitud máxima (8/1)", 'max_length': 1, 'actual_length': 8, 'table': 'cf_diario', 'subcategoria_id': 4}, {'field': 'ccodsu', 'row_index': 12, 'value': "'14'", 'error': "Campo 'ccodsu' excede longitud máxima (2/1)", 'max_length': 1, 'actual_length': 2, 'table': 'cf_diario', 'subcategoria_id': 4}, {'field': 'cper', 'row_index': 13, 'value': "'2026'", 'error': "Campo 'cper' excede longitud máxima (4/1)", 'max_length': 1, 'actual_length': 4, 'table': 'cf_diario', 'subcategoria_id': 4}, {'field': 'cmes', 'row_index': 13, 'value': "'02'", 'error': "Campo 'cmes' excede longitud máxima (2/1)", 'max_length': 1, 'actual_length': 2, 'table': 'cf_diario', 'subcategoria_id': 4}, {'field': 'ccodori', 'row_index': 13, 'value': "'002'", 'error': "Campo 'ccodori' excede longitud máxima (3/1)", 'max_length': 1, 'actual_length': 3, 'table': 'cf_diario', 'subcategoria_id': 4}, {'field': 'ccodusu', 'row_index': 13, 'value': "'SISTEMAS'", 'error': "Campo 'ccodusu' excede longitud máxima (8/1)", 'max_length': 1, 'actual_length': 8, 'table': 'cf_diario', 'subcategoria_id': 4}, {'field': 'ccodsu', 'row_index': 13, 'value': "'14'", 'error': "Campo 'ccodsu' excede longitud máxima (2/1)", 'max_length': 1, 'actual_length': 2, 'table': 'cf_diario', 'subcategoria_id': 4}, {'field': 'cper', 'row_index': 14, 'value': "'2026'", 'error': "Campo 'cper' excede longitud máxima (4/1)", 'max_length': 1, 'actual_length': 4, 'table': 'cf_diario', 'subcategoria_id': 4}, {'field': 'cmes', 'row_index': 14, 'value': "'02'", 'error': "Campo 'cmes' excede longitud máxima (2/1)", 'max_length': 1, 'actual_length': 2, 'table': 'cf_diario', 'subcategoria_id': 4}, {'field': 'ccodori', 'row_index': 14, 'value': "'002'", 'error': "Campo 'ccodori' excede longitud máxima (3/1)", 'max_length': 1, 'actual_length': 3, 'table': 'cf_diario', 'subcategoria_id': 4}, {'field': 'ccodusu', 'row_index': 14, 'value': "'SISTEMAS'", 'error': "Campo 'ccodusu' excede longitud máxima (8/1)", 'max_length': 1, 'actual_length': 8, 'table': 'cf_diario', 'subcategoria_id': 4}, {'field': 'ccodsu', 'row_index': 14, 'value': "'14'", 'error': "Campo 'ccodsu' excede longitud máxima (2/1)", 'max_length': 1, 'actual_length': 2, 'table': 'cf_diario', 'subcategoria_id': 4}, {'field': 'cper', 'row_index': 15, 'value': "'2026'", 'error': "Campo 'cper' excede longitud máxima (4/1)", 'max_length': 1, 'actual_length': 4, 'table': 'cf_diario', 'subcategoria_id': 4}, {'field': 'cmes', 'row_index': 15, 'value': "'02'", 'error': "Campo 'cmes' excede longitud máxima (2/1)", 'max_length': 1, 'actual_length': 2, 'table': 'cf_diario', 'subcategoria_id': 4}, {'field': 'ccodori', 'row_index': 15, 'value': "'002'", 'error': "Campo 'ccodori' excede longitud máxima (3/1)", 'max_length': 1, 'actual_length': 3, 'table': 'cf_diario', 'subcategoria_id': 4}, {'field': 'ccodusu', 'row_index': 15, 'value': "'SISTEMAS'", 'error': "Campo 'ccodusu' excede longitud máxima (8/1)", 'max_length': 1, 'actual_length': 8, 'table': 'cf_diario', 'subcategoria_id': 4}, {'field': 'ccodsu', 'row_index': 15, 'value': "'14'", 'error': "Campo 'ccodsu' excede longitud máxima (2/1)", 'max_length': 1, 'actual_length': 2, 'table': 'cf_diario', 'subcategoria_id': 4}, {'field': 'cper', 'row_index': 16, 'value': "'2026'", 'error': "Campo 'cper' excede longitud máxima (4/1)", 'max_length': 1, 'actual_length': 4, 'table': 'cf_diario', 'subcategoria_id': 4}, {'field': 'cmes', 'row_index': 16, 'value': "'02'", 'error': "Campo 'cmes' excede longitud máxima (2/1)", 'max_length': 1, 'actual_length': 2, 'table': 'cf_diario', 'subcategoria_id': 4}, {'field': 'ccodori', 'row_index': 16, 'value': "'002'", 'error': "Campo 'ccodori' excede longitud máxima (3/1)", 'max_length': 1, 'actual_length': 3, 'table': 'cf_diario', 'subcategoria_id': 4}, {'field': 'ccodusu', 'row_index': 16, 'value': "'SISTEMAS'", 'error': "Campo 'ccodusu' excede longitud máxima (8/1)", 'max_length': 1, 'actual_length': 8, 'table': 'cf_diario', 'subcategoria_id': 4}, {'field': 'ccodsu', 'row_index': 16, 'value': "'14'", 'error': "Campo 'ccodsu' excede longitud máxima (2/1)", 'max_length': 1, 'actual_length': 2, 'table': 'cf_diario', 'subcategoria_id': 4}, {'field': 'cper', 'row_index': 17, 'value': "'2026'", 'error': "Campo 'cper' excede longitud máxima (4/1)", 'max_length': 1, 'actual_length': 4, 'table': 'cf_diario', 'subcategoria_id': 4}, {'field': 'cmes', 'row_index': 17, 'value': "'02'", 'error': "Campo 'cmes' excede longitud máxima (2/1)", 'max_length': 1, 'actual_length': 2, 'table': 'cf_diario', 'subcategoria_id': 4}, {'field': 'ccodori', 'row_index': 17, 'value': "'002'", 'error': "Campo 'ccodori' excede longitud máxima (3/1)", 'max_length': 1, 'actual_length': 3, 'table': 'cf_diario', 'subcategoria_id': 4}, {'field': 'ccodusu', 'row_index': 17, 'value': "'SISTEMAS'", 'error': "Campo 'ccodusu' excede longitud máxima (8/1)", 'max_length': 1, 'actual_length': 8, 'table': 'cf_diario', 'subcategoria_id': 4}, {'field': 'ccodsu', 'row_index': 17, 'value': "'14'", 'error': "Campo 'ccodsu' excede longitud máxima (2/1)", 'max_length': 1, 'actual_length': 2, 'table': 'cf_diario', 'subcategoria_id': 4}, {'field': 'cper', 'row_index': 18, 'value': "'2026'", 'error': "Campo 'cper' excede longitud máxima (4/1)", 'max_length': 1, 'actual_length': 4, 'table': 'cf_diario', 'subcategoria_id': 4}, {'field': 'cmes', 'row_index': 18, 'value': "'02'", 'error': "Campo 'cmes' excede longitud máxima (2/1)", 'max_length': 1, 'actual_length': 2, 'table': 'cf_diario', 'subcategoria_id': 4}, {'field': 'ccodori', 'row_index': 18, 'value': "'002'", 'error': "Campo 'ccodori' excede longitud máxima (3/1)", 'max_length': 1, 'actual_length': 3, 'table': 'cf_diario', 'subcategoria_id': 4}, {'field': 'ccodusu', 'row_index': 18, 'value': "'SISTEMAS'", 'error': "Campo 'ccodusu' excede longitud máxima (8/1)", 'max_length': 1, 'actual_length': 8, 'table': 'cf_diario', 'subcategoria_id': 4}, {'field': 'ccodsu', 'row_index': 18, 'value': "'14'", 'error': "Campo 'ccodsu' excede longitud máxima (2/1)", 'max_length': 1, 'actual_length': 2, 'table': 'cf_diario', 'subcategoria_id': 4}, {'field': 'cper', 'row_index': 19, 'value': "'2026'", 'error': "Campo 'cper' excede longitud máxima (4/1)", 'max_length': 1, 'actual_length': 4, 'table': 'cf_diario', 'subcategoria_id': 4}, {'field': 'cmes', 'row_index': 19, 'value': "'02'", 'error': "Campo 'cmes' excede longitud máxima (2/1)", 'max_length': 1, 'actual_length': 2, 'table': 'cf_diario', 'subcategoria_id': 4}, {'field': 'ccodori', 'row_index': 19, 'value': "'002'", 'error': "Campo 'ccodori' excede longitud máxima (3/1)", 'max_length': 1, 'actual_length': 3, 'table': 'cf_diario', 'subcategoria_id': 4}, {'field': 'ccodusu', 'row_index': 19, 'value': "'SISTEMAS'", 'error': "Campo 'ccodusu' excede longitud máxima (8/1)", 'max_length': 1, 'actual_length': 8, 'table': 'cf_diario', 'subcategoria_id': 4}, {'field': 'ccodsu', 'row_index': 19, 'value': "'14'", 'error': "Campo 'ccodsu' excede longitud máxima (2/1)", 'max_length': 1, 'actual_length': 2, 'table': 'cf_diario', 'subcategoria_id': 4}, {'field': 'cper', 'row_index': 20, 'value': "'2026'", 'error': "Campo 'cper' excede longitud máxima (4/1)", 'max_length': 1, 'actual_length': 4, 'table': 'cf_diario', 'subcategoria_id': 4}, {'field': 'cmes', 'row_index': 20, 'value': "'02'", 'error': "Campo 'cmes' excede longitud máxima (2/1)", 'max_length': 1, 'actual_length': 2, 'table': 'cf_diario', 'subcategoria_id': 4}, {'field': 'ccodori', 'row_index': 20, 'value': "'002'", 'error': "Campo 'ccodori' excede longitud máxima (3/1)", 'max_length': 1, 'actual_length': 3, 'table': 'cf_diario', 'subcategoria_id': 4}, {'field': 'ccodusu', 'row_index': 20, 'value': "'SISTEMAS'", 'error': "Campo 'ccodusu' excede longitud máxima (8/1)", 'max_length': 1, 'actual_length': 8, 'table': 'cf_diario', 'subcategoria_id': 4}, {'field': 'ccodsu', 'row_index': 20, 'value': "'14'", 'error': "Campo 'ccodsu' excede longitud máxima (2/1)", 'max_length': 1, 'actual_length': 2, 'table': 'cf_diario', 'subcategoria_id': 4}, {'field': 'cper', 'row_index': 21, 'value': "'2026'", 'error': "Campo 'cper' excede longitud máxima (4/1)", 'max_length': 1, 'actual_length': 4, 'table': 'cf_diario', 'subcategoria_id': 4}, {'field': 'cmes', 'row_index': 21, 'value': "'02'", 'error': "Campo 'cmes' excede longitud máxima (2/1)", 'max_length': 1, 'actual_length': 2, 'table': 'cf_diario', 'subcategoria_id': 4}, {'field': 'ccodori', 'row_index': 21, 'value': "'002'", 'error': "Campo 'ccodori' excede longitud máxima (3/1)", 'max_length': 1, 'actual_length': 3, 'table': 'cf_diario', 'subcategoria_id': 4}, {'field': 'ccodusu', 'row_index': 21, 'value': "'SISTEMAS'", 'error': "Campo 'ccodusu' excede longitud máxima (8/1)", 'max_length': 1, 'actual_length': 8, 'table': 'cf_diario', 'subcategoria_id': 4}, {'field': 'ccodsu', 'row_index': 21, 'value': "'14'", 'error': "Campo 'ccodsu' excede longitud máxima (2/1)", 'max_length': 1, 'actual_length': 2, 'table': 'cf_diario', 'subcategoria_id': 4}, {'field': 'cper', 'row_index': 22, 'value': "'2026'", 'error': "Campo 'cper' excede longitud máxima (4/1)", 'max_length': 1, 'actual_length': 4, 'table': 'cf_diario', 'subcategoria_id': 4}, {'field': 'cmes', 'row_index': 22, 'value': "'02'", 'error': "Campo 'cmes' excede longitud máxima (2/1)", 'max_length': 1, 'actual_length': 2, 'table': 'cf_diario', 'subcategoria_id': 4}, {'field': 'ccodori', 'row_index': 22, 'value': "'002'", 'error': "Campo 'ccodori' excede longitud máxima (3/1)", 'max_length': 1, 'actual_length': 3, 'table': 'cf_diario', 'subcategoria_id': 4}, {'field': 'ccodusu', 'row_index': 22, 'value': "'SISTEMAS'", 'error': "Campo 'ccodusu' excede longitud máxima (8/1)", 'max_length': 1, 'actual_length': 8, 'table': 'cf_diario', 'subcategoria_id': 4}, {'field': 'ccodsu', 'row_index': 22, 'value': "'14'", 'error': "Campo 'ccodsu' excede longitud máxima (2/1)", 'max_length': 1, 'actual_length': 2, 'table': 'cf_diario', 'subcategoria_id': 4}, {'field': 'cper', 'row_index': 23, 'value': "'2026'", 'error': "Campo 'cper' excede longitud máxima (4/1)", 'max_length': 1, 'actual_length': 4, 'table': 'cf_diario', 'subcategoria_id': 4}, {'field': 'cmes', 'row_index': 23, 'value': "'02'", 'error': "Campo 'cmes' excede longitud máxima (2/1)", 'max_length': 1, 'actual_length': 2, 'table': 'cf_diario', 'subcategoria_id': 4}, {'field': 'ccodori', 'row_index': 23, 'value': "'002'", 'error': "Campo 'ccodori' excede longitud máxima (3/1)", 'max_length': 1, 'actual_length': 3, 'table': 'cf_diario', 'subcategoria_id': 4}, {'field': 'ccodusu', 'row_index': 23, 'value': "'SISTEMAS'", 'error': "Campo 'ccodusu' excede longitud máxima (8/1)", 'max_length': 1, 'actual_length': 8, 'table': 'cf_diario', 'subcategoria_id': 4}, {'field': 'ccodsu', 'row_index': 23, 'value': "'14'", 'error': "Campo 'ccodsu' excede longitud máxima (2/1)", 'max_length': 1, 'actual_length': 2, 'table': 'cf_diario', 'subcategoria_id': 4}, {'field': 'cper', 'row_index': 24, 'value': "'2026'", 'error': "Campo 'cper' excede longitud máxima (4/1)", 'max_length': 1, 'actual_length': 4, 'table': 'cf_diario', 'subcategoria_id': 4}, {'field': 'cmes', 'row_index': 24, 'value': "'02'", 'error': "Campo 'cmes' excede longitud máxima (2/1)", 'max_length': 1, 'actual_length': 2, 'table': 'cf_diario', 'subcategoria_id': 4}, {'field': 'ccodori', 'row_index': 24, 'value': "'002'", 'error': "Campo 'ccodori' excede longitud máxima (3/1)", 'max_length': 1, 'actual_length': 3, 'table': 'cf_diario', 'subcategoria_id': 4}, {'field': 'ccodusu', 'row_index': 24, 'value': "'SISTEMAS'", 'error': "Campo 'ccodusu' excede longitud máxima (8/1)", 'max_length': 1, 'actual_length': 8, 'table': 'cf_diario', 'subcategoria_id': 4}, {'field': 'ccodsu', 'row_index': 24, 'value': "'14'", 'error': "Campo 'ccodsu' excede longitud máxima (2/1)", 'max_length': 1, 'actual_length': 2, 'table': 'cf_diario', 'subcategoria_id': 4}, {'field': 'cper', 'row_index': 25, 'value': "'2026'", 'error': "Campo 'cper' excede longitud máxima (4/1)", 'max_length': 1, 'actual_length': 4, 'table': 'cf_diario', 'subcategoria_id': 4}, {'field': 'cmes', 'row_index': 25, 'value': "'02'", 'error': "Campo 'cmes' excede longitud máxima (2/1)", 'max_length': 1, 'actual_length': 2, 'table': 'cf_diario', 'subcategoria_id': 4}, {'field': 'ccodori', 'row_index': 25, 'value': "'002'", 'error': "Campo 'ccodori' excede longitud máxima (3/1)", 'max_length': 1, 'actual_length': 3, 'table': 'cf_diario', 'subcategoria_id': 4}, {'field': 'ccodusu', 'row_index': 25, 'value': "'SISTEMAS'", 'error': "Campo 'ccodusu' excede longitud máxima (8/1)", 'max_length': 1, 'actual_length': 8, 'table': 'cf_diario', 'subcategoria_id': 4}, {'field': 'ccodsu', 'row_index': 25, 'value': "'14'", 'error': "Campo 'ccodsu' excede longitud máxima (2/1)", 'max_length': 1, 'actual_length': 2, 'table': 'cf_diario', 'subcategoria_id': 4}, {'field': 'cper', 'row_index': 26, 'value': "'2026'", 'error': "Campo 'cper' excede longitud máxima (4/1)", 'max_length': 1, 'actual_length': 4, 'table': 'cf_diario', 'subcategoria_id': 4}, {'field': 'cmes', 'row_index': 26, 'value': "'02'", 'error': "Campo 'cmes' excede longitud máxima (2/1)", 'max_length': 1, 'actual_length': 2, 'table': 'cf_diario', 'subcategoria_id': 4}, {'field': 'ccodori', 'row_index': 26, 'value': "'002'", 'error': "Campo 'ccodori' excede longitud máxima (3/1)", 'max_length': 1, 'actual_length': 3, 'table': 'cf_diario', 'subcategoria_id': 4}, {'field': 'ccodusu', 'row_index': 26, 'value': "'SISTEMAS'", 'error': "Campo 'ccodusu' excede longitud máxima (8/1)", 'max_length': 1, 'actual_length': 8, 'table': 'cf_diario', 'subcategoria_id': 4}, {'field': 'ccodsu', 'row_index': 26, 'value': "'14'", 'error': "Campo 'ccodsu' excede longitud máxima (2/1)", 'max_length': 1, 'actual_length': 2, 'table': 'cf_diario', 'subcategoria_id': 4}, {'field': 'cper', 'row_index': 27, 'value': "'2026'", 'error': "Campo 'cper' excede longitud máxima (4/1)", 'max_length': 1, 'actual_length': 4, 'table': 'cf_diario', 'subcategoria_id': 4}, {'field': 'cmes', 'row_index': 27, 'value': "'02'", 'error': "Campo 'cmes' excede longitud máxima (2/1)", 'max_length': 1, 'actual_length': 2, 'table': 'cf_diario', 'subcategoria_id': 4}, {'field': 'ccodori', 'row_index': 27, 'value': "'002'", 'error': "Campo 'ccodori' excede longitud máxima (3/1)", 'max_length': 1, 'actual_length': 3, 'table': 'cf_diario', 'subcategoria_id': 4}, {'field': 'ccodusu', 'row_index': 27, 'value': "'SISTEMAS'", 'error': "Campo 'ccodusu' excede longitud máxima (8/1)", 'max_length': 1, 'actual_length': 8, 'table': 'cf_diario', 'subcategoria_id': 4}, {'field': 'ccodsu', 'row_index': 27, 'value': "'14'", 'error': "Campo 'ccodsu' excede longitud máxima (2/1)", 'max_length': 1, 'actual_length': 2, 'table': 'cf_diario', 'subcategoria_id': 4}, {'field': 'cper', 'row_index': 28, 'value': "'2026'", 'error': "Campo 'cper' excede longitud máxima (4/1)", 'max_length': 1, 'actual_length': 4, 'table': 'cf_diario', 'subcategoria_id': 4}, {'field': 'cmes', 'row_index': 28, 'value': "'02'", 'error': "Campo 'cmes' excede longitud máxima (2/1)", 'max_length': 1, 'actual_length': 2, 'table': 'cf_diario', 'subcategoria_id': 4}, {'field': 'ccodori', 'row_index': 28, 'value': "'002'", 'error': "Campo 'ccodori' excede longitud máxima (3/1)", 'max_length': 1, 'actual_length': 3, 'table': 'cf_diario', 'subcategoria_id': 4}, {'field': 'ccodusu', 'row_index': 28, 'value': "'SISTEMAS'", 'error': "Campo 'ccodusu' excede longitud máxima (8/1)", 'max_length': 1, 'actual_length': 8, 'table': 'cf_diario', 'subcategoria_id': 4}, {'field': 'ccodsu', 'row_index': 28, 'value': "'14'", 'error': "Campo 'ccodsu' excede longitud máxima (2/1)", 'max_length': 1, 'actual_length': 2, 'table': 'cf_diario', 'subcategoria_id': 4}, {'field': 'cper', 'row_index': 29, 'value': "'2026'", 'error': "Campo 'cper' excede longitud máxima (4/1)", 'max_length': 1, 'actual_length': 4, 'table': 'cf_diario', 'subcategoria_id': 4}, {'field': 'cmes', 'row_index': 29, 'value': "'02'", 'error': "Campo 'cmes' excede longitud máxima (2/1)", 'max_length': 1, 'actual_length': 2, 'table': 'cf_diario', 'subcategoria_id': 4}, {'field': 'ccodori', 'row_index': 29, 'value': "'002'", 'error': "Campo 'ccodori' excede longitud máxima (3/1)", 'max_length': 1, 'actual_length': 3, 'table': 'cf_diario', 'subcategoria_id': 4}, {'field': 'ccodusu', 'row_index': 29, 'value': "'SISTEMAS'", 'error': "Campo 'ccodusu' excede longitud máxima (8/1)", 'max_length': 1, 'actual_length': 8, 'table': 'cf_diario', 'subcategoria_id': 4}, {'field': 'ccodsu', 'row_index': 29, 'value': "'14'", 'error': "Campo 'ccodsu' excede longitud máxima (2/1)", 'max_length': 1, 'actual_length': 2, 'table': 'cf_diario', 'subcategoria_id': 4}, {'field': 'cper', 'row_index': 30, 'value': "'2026'", 'error': "Campo 'cper' excede longitud máxima (4/1)", 'max_length': 1, 'actual_length': 4, 'table': 'cf_diario', 'subcategoria_id': 4}, {'field': 'cmes', 'row_index': 30, 'value': "'02'", 'error': "Campo 'cmes' excede longitud máxima (2/1)", 'max_length': 1, 'actual_length': 2, 'table': 'cf_diario', 'subcategoria_id': 4}, {'field': 'ccodori', 'row_index': 30, 'value': "'002'", 'error': "Campo 'ccodori' excede longitud máxima (3/1)", 'max_length': 1, 'actual_length': 3, 'table': 'cf_diario', 'subcategoria_id': 4}, {'field': 'ccodusu', 'row_index': 30, 'value': "'SISTEMAS'", 'error': "Campo 'ccodusu' excede longitud máxima (8/1)", 'max_length': 1, 'actual_length': 8, 'table': 'cf_diario', 'subcategoria_id': 4}, {'field': 'ccodsu', 'row_index': 30, 'value': "'14'", 'error': "Campo 'ccodsu' excede longitud máxima (2/1)", 'max_length': 1, 'actual_length': 2, 'table': 'cf_diario', 'subcategoria_id': 4}, {'field': 'cper', 'row_index': 31, 'value': "'2026'", 'error': "Campo 'cper' excede longitud máxima (4/1)", 'max_length': 1, 'actual_length': 4, 'table': 'cf_diario', 'subcategoria_id': 4}, {'field': 'cmes', 'row_index': 31, 'value': "'02'", 'error': "Campo 'cmes' excede longitud máxima (2/1)", 'max_length': 1, 'actual_length': 2, 'table': 'cf_diario', 'subcategoria_id': 4}, {'field': 'ccodori', 'row_index': 31, 'value': "'002'", 'error': "Campo 'ccodori' excede longitud máxima (3/1)", 'max_length': 1, 'actual_length': 3, 'table': 'cf_diario', 'subcategoria_id': 4}, {'field': 'ccodusu', 'row_index': 31, 'value': "'SISTEMAS'", 'error': "Campo 'ccodusu' excede longitud máxima (8/1)", 'max_length': 1, 'actual_length': 8, 'table': 'cf_diario', 'subcategoria_id': 4}, {'field': 'ccodsu', 'row_index': 31, 'value': "'14'", 'error': "Campo 'ccodsu' excede longitud máxima (2/1)", 'max_length': 1, 'actual_length': 2, 'table': 'cf_diario', 'subcategoria_id': 4}, {'field': 'cper', 'row_index': 32, 'value': "'2026'", 'error': "Campo 'cper' excede longitud máxima (4/1)", 'max_length': 1, 'actual_length': 4, 'table': 'cf_diario', 'subcategoria_id': 4}, {'field': 'cmes', 'row_index': 32, 'value': "'02'", 'error': "Campo 'cmes' excede longitud máxima (2/1)", 'max_length': 1, 'actual_length': 2, 'table': 'cf_diario', 'subcategoria_id': 4}, {'field': 'ccodori', 'row_index': 32, 'value': "'002'", 'error': "Campo 'ccodori' excede longitud máxima (3/1)", 'max_length': 1, 'actual_length': 3, 'table': 'cf_diario', 'subcategoria_id': 4}, {'field': 'ccodusu', 'row_index': 32, 'value': "'SISTEMAS'", 'error': "Campo 'ccodusu' excede longitud máxima (8/1)", 'max_length': 1, 'actual_length': 8, 'table': 'cf_diario', 'subcategoria_id': 4}, {'field': 'ccodsu', 'row_index': 32, 'value': "'14'", 'error': "Campo 'ccodsu' excede longitud máxima (2/1)", 'max_length': 1, 'actual_length': 2, 'table': 'cf_diario', 'subcategoria_id': 4}, {'field': 'cper', 'row_index': 33, 'value': "'2026'", 'error': "Campo 'cper' excede longitud máxima (4/1)", 'max_length': 1, 'actual_length': 4, 'table': 'cf_diario', 'subcategoria_id': 4}, {'field': 'cmes', 'row_index': 33, 'value': "'02'", 'error': "Campo 'cmes' excede longitud máxima (2/1)", 'max_length': 1, 'actual_length': 2, 'table': 'cf_diario', 'subcategoria_id': 4}, {'field': 'ccodori', 'row_index': 33, 'value': "'002'", 'error': "Campo 'ccodori' excede longitud máxima (3/1)", 'max_length': 1, 'actual_length': 3, 'table': 'cf_diario', 'subcategoria_id': 4}, {'field': 'ccodusu', 'row_index': 33, 'value': "'SISTEMAS'", 'error': "Campo 'ccodusu' excede longitud máxima (8/1)", 'max_length': 1, 'actual_length': 8, 'table': 'cf_diario', 'subcategoria_id': 4}, {'field': 'ccodsu', 'row_index': 33, 'value': "'14'", 'error': "Campo 'ccodsu' excede longitud máxima (2/1)", 'max_length': 1, 'actual_length': 2, 'table': 'cf_diario', 'subcategoria_id': 4}, {'field': 'cper', 'row_index': 34, 'value': "'2026'", 'error': "Campo 'cper' excede longitud máxima (4/1)", 'max_length': 1, 'actual_length': 4, 'table': 'cf_diario', 'subcategoria_id': 4}, {'field': 'cmes', 'row_index': 34, 'value': "'02'", 'error': "Campo 'cmes' excede longitud máxima (2/1)", 'max_length': 1, 'actual_length': 2, 'table': 'cf_diario', 'subcategoria_id': 4}, {'field': 'ccodori', 'row_index': 34, 'value': "'002'", 'error': "Campo 'ccodori' excede longitud máxima (3/1)", 'max_length': 1, 'actual_length': 3, 'table': 'cf_diario', 'subcategoria_id': 4}, {'field': 'ccodusu', 'row_index': 34, 'value': "'SISTEMAS'", 'error': "Campo 'ccodusu' excede longitud máxima (8/1)", 'max_length': 1, 'actual_length': 8, 'table': 'cf_diario', 'subcategoria_id': 4}, {'field': 'ccodsu', 'row_index': 34, 'value': "'14'", 'error': "Campo 'ccodsu' excede longitud máxima (2/1)", 'max_length': 1, 'actual_length': 2, 'table': 'cf_diario', 'subcategoria_id': 4}, {'field': 'cper', 'row_index': 35, 'value': "'2026'", 'error': "Campo 'cper' excede longitud máxima (4/1)", 'max_length': 1, 'actual_length': 4, 'table': 'cf_diario', 'subcategoria_id': 4}, {'field': 'cmes', 'row_index': 35, 'value': "'02'", 'error': "Campo 'cmes' excede longitud máxima (2/1)", 'max_length': 1, 'actual_length': 2, 'table': 'cf_diario', 'subcategoria_id': 4}, {'field': 'ccodori', 'row_index': 35, 'value': "'002'", 'error': "Campo 'ccodori' excede longitud máxima (3/1)", 'max_length': 1, 'actual_length': 3, 'table': 'cf_diario', 'subcategoria_id': 4}, {'field': 'ccodusu', 'row_index': 35, 'value': "'SISTEMAS'", 'error': "Campo 'ccodusu' excede longitud máxima (8/1)", 'max_length': 1, 'actual_length': 8, 'table': 'cf_diario', 'subcategoria_id': 4}, {'field': 'ccodsu', 'row_index': 35, 'value': "'14'", 'error': "Campo 'ccodsu' excede longitud máxima (2/1)", 'max_length': 1, 'actual_length': 2, 'table': 'cf_diario', 'subcategoria_id': 4}, {'field': 'cper', 'row_index': 36, 'value': "'2026'", 'error': "Campo 'cper' excede longitud máxima (4/1)", 'max_length': 1, 'actual_length': 4, 'table': 'cf_diario', 'subcategoria_id': 4}, {'field': 'cmes', 'row_index': 36, 'value': "'02'", 'error': "Campo 'cmes' excede longitud máxima (2/1)", 'max_length': 1, 'actual_length': 2, 'table': 'cf_diario', 'subcategoria_id': 4}, {'field': 'ccodori', 'row_index': 36, 'value': "'002'", 'error': "Campo 'ccodori' excede longitud máxima (3/1)", 'max_length': 1, 'actual_length': 3, 'table': 'cf_diario', 'subcategoria_id': 4}, {'field': 'ccodusu', 'row_index': 36, 'value': "'SISTEMAS'", 'error': "Campo 'ccodusu' excede longitud máxima (8/1)", 'max_length': 1, 'actual_length': 8, 'table': 'cf_diario', 'subcategoria_id': 4}, {'field': 'ccodsu', 'row_index': 36, 'value': "'14'", 'error': "Campo 'ccodsu' excede longitud máxima (2/1)", 'max_length': 1, 'actual_length': 2, 'table': 'cf_diario', 'subcategoria_id': 4}, {'field': 'cper', 'row_index': 37, 'value': "'2026'", 'error': "Campo 'cper' excede longitud máxima (4/1)", 'max_length': 1, 'actual_length': 4, 'table': 'cf_diario', 'subcategoria_id': 4}, {'field': 'cmes', 'row_index': 37, 'value': "'02'", 'error': "Campo 'cmes' excede longitud máxima (2/1)", 'max_length': 1, 'actual_length': 2, 'table': 'cf_diario', 'subcategoria_id': 4}, {'field': 'ccodori', 'row_index': 37, 'value': "'002'", 'error': "Campo 'ccodori' excede longitud máxima (3/1)", 'max_length': 1, 'actual_length': 3, 'table': 'cf_diario', 'subcategoria_id': 4}, {'field': 'ccodusu', 'row_index': 37, 'value': "'SISTEMAS'", 'error': "Campo 'ccodusu' excede longitud máxima (8/1)", 'max_length': 1, 'actual_length': 8, 'table': 'cf_diario', 'subcategoria_id': 4}, {'field': 'ccodsu', 'row_index': 37, 'value': "'14'", 'error': "Campo 'ccodsu' excede longitud máxima (2/1)", 'max_length': 1, 'actual_length': 2, 'table': 'cf_diario', 'subcategoria_id': 4}, {'field': 'cper', 'row_index': 38, 'value': "'2026'", 'error': "Campo 'cper' excede longitud máxima (4/1)", 'max_length': 1, 'actual_length': 4, 'table': 'cf_diario', 'subcategoria_id': 4}, {'field': 'cmes', 'row_index': 38, 'value': "'02'", 'error': "Campo 'cmes' excede longitud máxima (2/1)", 'max_length': 1, 'actual_length': 2, 'table': 'cf_diario', 'subcategoria_id': 4}, {'field': 'ccodori', 'row_index': 38, 'value': "'002'", 'error': "Campo 'ccodori' excede longitud máxima (3/1)", 'max_length': 1, 'actual_length': 3, 'table': 'cf_diario', 'subcategoria_id': 4}, {'field': 'ccodusu', 'row_index': 38, 'value': "'SISTEMAS'", 'error': "Campo 'ccodusu' excede longitud máxima (8/1)", 'max_length': 1, 'actual_length': 8, 'table': 'cf_diario', 'subcategoria_id': 4}, {'field': 'ccodsu', 'row_index': 38, 'value': "'14'", 'error': "Campo 'ccodsu' excede longitud máxima (2/1)", 'max_length': 1, 'actual_length': 2, 'table': 'cf_diario', 'subcategoria_id': 4}, {'field': 'cper', 'row_index': 39, 'value': "'2026'", 'error': "Campo 'cper' excede longitud máxima (4/1)", 'max_length': 1, 'actual_length': 4, 'table': 'cf_diario', 'subcategoria_id': 4}, {'field': 'cmes', 'row_index': 39, 'value': "'02'", 'error': "Campo 'cmes' excede longitud máxima (2/1)", 'max_length': 1, 'actual_length': 2, 'table': 'cf_diario', 'subcategoria_id': 4}, {'field': 'ccodori', 'row_index': 39, 'value': "'002'", 'error': "Campo 'ccodori' excede longitud máxima (3/1)", 'max_length': 1, 'actual_length': 3, 'table': 'cf_diario', 'subcategoria_id': 4}, {'field': 'ccodusu', 'row_index': 39, 'value': "'SISTEMAS'", 'error': "Campo 'ccodusu' excede longitud máxima (8/1)", 'max_length': 1, 'actual_length': 8, 'table': 'cf_diario', 'subcategoria_id': 4}, {'field': 'ccodsu', 'row_index': 39, 'value': "'14'", 'error': "Campo 'ccodsu' excede longitud máxima (2/1)", 'max_length': 1, 'actual_length': 2, 'table': 'cf_diario', 'subcategoria_id': 4}]}

2026-03-01 17:26:17.710665 | generate_to_cf_diariol CALLED: body={'company_id': 1, 'clear_previous': True}
2026-03-01 17:26:17.711522 | subcategoria_id=None (raw=None), company_id=1, clear=True
2026-03-01 17:26:17.725149 | subs_to_process count = 1: [4]
2026-03-01 17:26:18.077638 | FATAL ERROR in generate_to_cf_diariol: 422: {'message': 'Errores de validación en cabecera (Registro de Ventas)', 'errors': [{'field': 'cper', 'row_index': 0, 'value': "'2026'", 'error': "Campo 'cper' excede longitud máxima (4/1)", 'max_length': 1, 'actual_length': 4, 'table': 'cf_diario', 'subcategoria_id': 4}, {'field': 'cmes', 'row_index': 0, 'value': "'02'", 'error': "Campo 'cmes' excede longitud máxima (2/1)", 'max_length': 1, 'actual_length': 2, 'table': 'cf_diario', 'subcategoria_id': 4}, {'field': 'ccodori', 'row_index': 0, 'value': "'002'", 'error': "Campo 'ccodori' excede longitud máxima (3/1)", 'max_length': 1, 'actual_length': 3, 'table': 'cf_diario', 'subcategoria_id': 4}, {'field': 'ccodusu', 'row_index': 0, 'value': "'SISTEMAS'", 'error': "Campo 'ccodusu' excede longitud máxima (8/1)", 'max_length': 1, 'actual_length': 8, 'table': 'cf_diario', 'subcategoria_id': 4}, {'field': 'ccodsu', 'row_index': 0, 'value': "'14'", 'error': "Campo 'ccodsu' excede longitud máxima (2/1)", 'max_length': 1, 'actual_length': 2, 'table': 'cf_diario', 'subcategoria_id': 4}, {'field': 'cper', 'row_index': 1, 'value': "'2026'", 'error': "Campo 'cper' excede longitud máxima (4/1)", 'max_length': 1, 'actual_length': 4, 'table': 'cf_diario', 'subcategoria_id': 4}, {'field': 'cmes', 'row_index': 1, 'value': "'02'", 'error': "Campo 'cmes' excede longitud máxima (2/1)", 'max_length': 1, 'actual_length': 2, 'table': 'cf_diario', 'subcategoria_id': 4}, {'field': 'ccodori', 'row_index': 1, 'value': "'002'", 'error': "Campo 'ccodori' excede longitud máxima (3/1)", 'max_length': 1, 'actual_length': 3, 'table': 'cf_diario', 'subcategoria_id': 4}, {'field': 'ccodusu', 'row_index': 1, 'value': "'SISTEMAS'", 'error': "Campo 'ccodusu' excede longitud máxima (8/1)", 'max_length': 1, 'actual_length': 8, 'table': 'cf_diario', 'subcategoria_id': 4}, {'field': 'ccodsu', 'row_index': 1, 'value': "'14'", 'error': "Campo 'ccodsu' excede longitud máxima (2/1)", 'max_length': 1, 'actual_length': 2, 'table': 'cf_diario', 'subcategoria_id': 4}, {'field': 'cper', 'row_index': 2, 'value': "'2026'", 'error': "Campo 'cper' excede longitud máxima (4/1)", 'max_length': 1, 'actual_length': 4, 'table': 'cf_diario', 'subcategoria_id': 4}, {'field': 'cmes', 'row_index': 2, 'value': "'02'", 'error': "Campo 'cmes' excede longitud máxima (2/1)", 'max_length': 1, 'actual_length': 2, 'table': 'cf_diario', 'subcategoria_id': 4}, {'field': 'ccodori', 'row_index': 2, 'value': "'002'", 'error': "Campo 'ccodori' excede longitud máxima (3/1)", 'max_length': 1, 'actual_length': 3, 'table': 'cf_diario', 'subcategoria_id': 4}, {'field': 'ccodusu', 'row_index': 2, 'value': "'SISTEMAS'", 'error': "Campo 'ccodusu' excede longitud máxima (8/1)", 'max_length': 1, 'actual_length': 8, 'table': 'cf_diario', 'subcategoria_id': 4}, {'field': 'ccodsu', 'row_index': 2, 'value': "'14'", 'error': "Campo 'ccodsu' excede longitud máxima (2/1)", 'max_length': 1, 'actual_length': 2, 'table': 'cf_diario', 'subcategoria_id': 4}, {'field': 'cper', 'row_index': 3, 'value': "'2026'", 'error': "Campo 'cper' excede longitud máxima (4/1)", 'max_length': 1, 'actual_length': 4, 'table': 'cf_diario', 'subcategoria_id': 4}, {'field': 'cmes', 'row_index': 3, 'value': "'02'", 'error': "Campo 'cmes' excede longitud máxima (2/1)", 'max_length': 1, 'actual_length': 2, 'table': 'cf_diario', 'subcategoria_id': 4}, {'field': 'ccodori', 'row_index': 3, 'value': "'002'", 'error': "Campo 'ccodori' excede longitud máxima (3/1)", 'max_length': 1, 'actual_length': 3, 'table': 'cf_diario', 'subcategoria_id': 4}, {'field': 'ccodusu', 'row_index': 3, 'value': "'SISTEMAS'", 'error': "Campo 'ccodusu' excede longitud máxima (8/1)", 'max_length': 1, 'actual_length': 8, 'table': 'cf_diario', 'subcategoria_id': 4}, {'field': 'ccodsu', 'row_index': 3, 'value': "'14'", 'error': "Campo 'ccodsu' excede longitud máxima (2/1)", 'max_length': 1, 'actual_length': 2, 'table': 'cf_diario', 'subcategoria_id': 4}, {'field': 'cper', 'row_index': 4, 'value': "'2026'", 'error': "Campo 'cper' excede longitud máxima (4/1)", 'max_length': 1, 'actual_length': 4, 'table': 'cf_diario', 'subcategoria_id': 4}, {'field': 'cmes', 'row_index': 4, 'value': "'02'", 'error': "Campo 'cmes' excede longitud máxima (2/1)", 'max_length': 1, 'actual_length': 2, 'table': 'cf_diario', 'subcategoria_id': 4}, {'field': 'ccodori', 'row_index': 4, 'value': "'002'", 'error': "Campo 'ccodori' excede longitud máxima (3/1)", 'max_length': 1, 'actual_length': 3, 'table': 'cf_diario', 'subcategoria_id': 4}, {'field': 'ccodusu', 'row_index': 4, 'value': "'SISTEMAS'", 'error': "Campo 'ccodusu' excede longitud máxima (8/1)", 'max_length': 1, 'actual_length': 8, 'table': 'cf_diario', 'subcategoria_id': 4}, {'field': 'ccodsu', 'row_index': 4, 'value': "'14'", 'error': "Campo 'ccodsu' excede longitud máxima (2/1)", 'max_length': 1, 'actual_length': 2, 'table': 'cf_diario', 'subcategoria_id': 4}, {'field': 'cper', 'row_index': 5, 'value': "'2026'", 'error': "Campo 'cper' excede longitud máxima (4/1)", 'max_length': 1, 'actual_length': 4, 'table': 'cf_diario', 'subcategoria_id': 4}, {'field': 'cmes', 'row_index': 5, 'value': "'02'", 'error': "Campo 'cmes' excede longitud máxima (2/1)", 'max_length': 1, 'actual_length': 2, 'table': 'cf_diario', 'subcategoria_id': 4}, {'field': 'ccodori', 'row_index': 5, 'value': "'002'", 'error': "Campo 'ccodori' excede longitud máxima (3/1)", 'max_length': 1, 'actual_length': 3, 'table': 'cf_diario', 'subcategoria_id': 4}, {'field': 'ccodusu', 'row_index': 5, 'value': "'SISTEMAS'", 'error': "Campo 'ccodusu' excede longitud máxima (8/1)", 'max_length': 1, 'actual_length': 8, 'table': 'cf_diario', 'subcategoria_id': 4}, {'field': 'ccodsu', 'row_index': 5, 'value': "'14'", 'error': "Campo 'ccodsu' excede longitud máxima (2/1)", 'max_length': 1, 'actual_length': 2, 'table': 'cf_diario', 'subcategoria_id': 4}, {'field': 'cper', 'row_index': 6, 'value': "'2026'", 'error': "Campo 'cper' excede longitud máxima (4/1)", 'max_length': 1, 'actual_length': 4, 'table': 'cf_diario', 'subcategoria_id': 4}, {'field': 'cmes', 'row_index': 6, 'value': "'02'", 'error': "Campo 'cmes' excede longitud máxima (2/1)", 'max_length': 1, 'actual_length': 2, 'table': 'cf_diario', 'subcategoria_id': 4}, {'field': 'ccodori', 'row_index': 6, 'value': "'002'", 'error': "Campo 'ccodori' excede longitud máxima (3/1)", 'max_length': 1, 'actual_length': 3, 'table': 'cf_diario', 'subcategoria_id': 4}, {'field': 'ccodusu', 'row_index': 6, 'value': "'SISTEMAS'", 'error': "Campo 'ccodusu' excede longitud máxima (8/1)", 'max_length': 1, 'actual_length': 8, 'table': 'cf_diario', 'subcategoria_id': 4}, {'field': 'ccodsu', 'row_index': 6, 'value': "'14'", 'error': "Campo 'ccodsu' excede longitud máxima (2/1)", 'max_length': 1, 'actual_length': 2, 'table': 'cf_diario', 'subcategoria_id': 4}, {'field': 'cper', 'row_index': 7, 'value': "'2026'", 'error': "Campo 'cper' excede longitud máxima (4/1)", 'max_length': 1, 'actual_length': 4, 'table': 'cf_diario', 'subcategoria_id': 4}, {'field': 'cmes', 'row_index': 7, 'value': "'02'", 'error': "Campo 'cmes' excede longitud máxima (2/1)", 'max_length': 1, 'actual_length': 2, 'table': 'cf_diario', 'subcategoria_id': 4}, {'field': 'ccodori', 'row_index': 7, 'value': "'002'", 'error': "Campo 'ccodori' excede longitud máxima (3/1)", 'max_length': 1, 'actual_length': 3, 'table': 'cf_diario', 'subcategoria_id': 4}, {'field': 'ccodusu', 'row_index': 7, 'value': "'SISTEMAS'", 'error': "Campo 'ccodusu' excede longitud máxima (8/1)", 'max_length': 1, 'actual_length': 8, 'table': 'cf_diario', 'subcategoria_id': 4}, {'field': 'ccodsu', 'row_index': 7, 'value': "'14'", 'error': "Campo 'ccodsu' excede longitud máxima (2/1)", 'max_length': 1, 'actual_length': 2, 'table': 'cf_diario', 'subcategoria_id': 4}, {'field': 'cper', 'row_index': 8, 'value': "'2026'", 'error': "Campo 'cper' excede longitud máxima (4/1)", 'max_length': 1, 'actual_length': 4, 'table': 'cf_diario', 'subcategoria_id': 4}, {'field': 'cmes', 'row_index': 8, 'value': "'02'", 'error': "Campo 'cmes' excede longitud máxima (2/1)", 'max_length': 1, 'actual_length': 2, 'table': 'cf_diario', 'subcategoria_id': 4}, {'field': 'ccodori', 'row_index': 8, 'value': "'002'", 'error': "Campo 'ccodori' excede longitud máxima (3/1)", 'max_length': 1, 'actual_length': 3, 'table': 'cf_diario', 'subcategoria_id': 4}, {'field': 'ccodusu', 'row_index': 8, 'value': "'SISTEMAS'", 'error': "Campo 'ccodusu' excede longitud máxima (8/1)", 'max_length': 1, 'actual_length': 8, 'table': 'cf_diario', 'subcategoria_id': 4}, {'field': 'ccodsu', 'row_index': 8, 'value': "'14'", 'error': "Campo 'ccodsu' excede longitud máxima (2/1)", 'max_length': 1, 'actual_length': 2, 'table': 'cf_diario', 'subcategoria_id': 4}, {'field': 'cper', 'row_index': 9, 'value': "'2026'", 'error': "Campo 'cper' excede longitud máxima (4/1)", 'max_length': 1, 'actual_length': 4, 'table': 'cf_diario', 'subcategoria_id': 4}, {'field': 'cmes', 'row_index': 9, 'value': "'02'", 'error': "Campo 'cmes' excede longitud máxima (2/1)", 'max_length': 1, 'actual_length': 2, 'table': 'cf_diario', 'subcategoria_id': 4}, {'field': 'ccodori', 'row_index': 9, 'value': "'002'", 'error': "Campo 'ccodori' excede longitud máxima (3/1)", 'max_length': 1, 'actual_length': 3, 'table': 'cf_diario', 'subcategoria_id': 4}, {'field': 'ccodusu', 'row_index': 9, 'value': "'SISTEMAS'", 'error': "Campo 'ccodusu' excede longitud máxima (8/1)", 'max_length': 1, 'actual_length': 8, 'table': 'cf_diario', 'subcategoria_id': 4}, {'field': 'ccodsu', 'row_index': 9, 'value': "'14'", 'error': "Campo 'ccodsu' excede longitud máxima (2/1)", 'max_length': 1, 'actual_length': 2, 'table': 'cf_diario', 'subcategoria_id': 4}, {'field': 'cper', 'row_index': 10, 'value': "'2026'", 'error': "Campo 'cper' excede longitud máxima (4/1)", 'max_length': 1, 'actual_length': 4, 'table': 'cf_diario', 'subcategoria_id': 4}, {'field': 'cmes', 'row_index': 10, 'value': "'02'", 'error': "Campo 'cmes' excede longitud máxima (2/1)", 'max_length': 1, 'actual_length': 2, 'table': 'cf_diario', 'subcategoria_id': 4}, {'field': 'ccodori', 'row_index': 10, 'value': "'002'", 'error': "Campo 'ccodori' excede longitud máxima (3/1)", 'max_length': 1, 'actual_length': 3, 'table': 'cf_diario', 'subcategoria_id': 4}, {'field': 'ccodusu', 'row_index': 10, 'value': "'SISTEMAS'", 'error': "Campo 'ccodusu' excede longitud máxima (8/1)", 'max_length': 1, 'actual_length': 8, 'table': 'cf_diario', 'subcategoria_id': 4}, {'field': 'ccodsu', 'row_index': 10, 'value': "'14'", 'error': "Campo 'ccodsu' excede longitud máxima (2/1)", 'max_length': 1, 'actual_length': 2, 'table': 'cf_diario', 'subcategoria_id': 4}, {'field': 'cper', 'row_index': 11, 'value': "'2026'", 'error': "Campo 'cper' excede longitud máxima (4/1)", 'max_length': 1, 'actual_length': 4, 'table': 'cf_diario', 'subcategoria_id': 4}, {'field': 'cmes', 'row_index': 11, 'value': "'02'", 'error': "Campo 'cmes' excede longitud máxima (2/1)", 'max_length': 1, 'actual_length': 2, 'table': 'cf_diario', 'subcategoria_id': 4}, {'field': 'ccodori', 'row_index': 11, 'value': "'002'", 'error': "Campo 'ccodori' excede longitud máxima (3/1)", 'max_length': 1, 'actual_length': 3, 'table': 'cf_diario', 'subcategoria_id': 4}, {'field': 'ccodusu', 'row_index': 11, 'value': "'SISTEMAS'", 'error': "Campo 'ccodusu' excede longitud máxima (8/1)", 'max_length': 1, 'actual_length': 8, 'table': 'cf_diario', 'subcategoria_id': 4}, {'field': 'ccodsu', 'row_index': 11, 'value': "'14'", 'error': "Campo 'ccodsu' excede longitud máxima (2/1)", 'max_length': 1, 'actual_length': 2, 'table': 'cf_diario', 'subcategoria_id': 4}, {'field': 'cper', 'row_index': 12, 'value': "'2026'", 'error': "Campo 'cper' excede longitud máxima (4/1)", 'max_length': 1, 'actual_length': 4, 'table': 'cf_diario', 'subcategoria_id': 4}, {'field': 'cmes', 'row_index': 12, 'value': "'02'", 'error': "Campo 'cmes' excede longitud máxima (2/1)", 'max_length': 1, 'actual_length': 2, 'table': 'cf_diario', 'subcategoria_id': 4}, {'field': 'ccodori', 'row_index': 12, 'value': "'002'", 'error': "Campo 'ccodori' excede longitud máxima (3/1)", 'max_length': 1, 'actual_length': 3, 'table': 'cf_diario', 'subcategoria_id': 4}, {'field': 'ccodusu', 'row_index': 12, 'value': "'SISTEMAS'", 'error': "Campo 'ccodusu' excede longitud máxima (8/1)", 'max_length': 1, 'actual_length': 8, 'table': 'cf_diario', 'subcategoria_id': 4}, {'field': 'ccodsu', 'row_index': 12, 'value': "'14'", 'error': "Campo 'ccodsu' excede longitud máxima (2/1)", 'max_length': 1, 'actual_length': 2, 'table': 'cf_diario', 'subcategoria_id': 4}, {'field': 'cper', 'row_index': 13, 'value': "'2026'", 'error': "Campo 'cper' excede longitud máxima (4/1)", 'max_length': 1, 'actual_length': 4, 'table': 'cf_diario', 'subcategoria_id': 4}, {'field': 'cmes', 'row_index': 13, 'value': "'02'", 'error': "Campo 'cmes' excede longitud máxima (2/1)", 'max_length': 1, 'actual_length': 2, 'table': 'cf_diario', 'subcategoria_id': 4}, {'field': 'ccodori', 'row_index': 13, 'value': "'002'", 'error': "Campo 'ccodori' excede longitud máxima (3/1)", 'max_length': 1, 'actual_length': 3, 'table': 'cf_diario', 'subcategoria_id': 4}, {'field': 'ccodusu', 'row_index': 13, 'value': "'SISTEMAS'", 'error': "Campo 'ccodusu' excede longitud máxima (8/1)", 'max_length': 1, 'actual_length': 8, 'table': 'cf_diario', 'subcategoria_id': 4}, {'field': 'ccodsu', 'row_index': 13, 'value': "'14'", 'error': "Campo 'ccodsu' excede longitud máxima (2/1)", 'max_length': 1, 'actual_length': 2, 'table': 'cf_diario', 'subcategoria_id': 4}, {'field': 'cper', 'row_index': 14, 'value': "'2026'", 'error': "Campo 'cper' excede longitud máxima (4/1)", 'max_length': 1, 'actual_length': 4, 'table': 'cf_diario', 'subcategoria_id': 4}, {'field': 'cmes', 'row_index': 14, 'value': "'02'", 'error': "Campo 'cmes' excede longitud máxima (2/1)", 'max_length': 1, 'actual_length': 2, 'table': 'cf_diario', 'subcategoria_id': 4}, {'field': 'ccodori', 'row_index': 14, 'value': "'002'", 'error': "Campo 'ccodori' excede longitud máxima (3/1)", 'max_length': 1, 'actual_length': 3, 'table': 'cf_diario', 'subcategoria_id': 4}, {'field': 'ccodusu', 'row_index': 14, 'value': "'SISTEMAS'", 'error': "Campo 'ccodusu' excede longitud máxima (8/1)", 'max_length': 1, 'actual_length': 8, 'table': 'cf_diario', 'subcategoria_id': 4}, {'field': 'ccodsu', 'row_index': 14, 'value': "'14'", 'error': "Campo 'ccodsu' excede longitud máxima (2/1)", 'max_length': 1, 'actual_length': 2, 'table': 'cf_diario', 'subcategoria_id': 4}, {'field': 'cper', 'row_index': 15, 'value': "'2026'", 'error': "Campo 'cper' excede longitud máxima (4/1)", 'max_length': 1, 'actual_length': 4, 'table': 'cf_diario', 'subcategoria_id': 4}, {'field': 'cmes', 'row_index': 15, 'value': "'02'", 'error': "Campo 'cmes' excede longitud máxima (2/1)", 'max_length': 1, 'actual_length': 2, 'table': 'cf_diario', 'subcategoria_id': 4}, {'field': 'ccodori', 'row_index': 15, 'value': "'002'", 'error': "Campo 'ccodori' excede longitud máxima (3/1)", 'max_length': 1, 'actual_length': 3, 'table': 'cf_diario', 'subcategoria_id': 4}, {'field': 'ccodusu', 'row_index': 15, 'value': "'SISTEMAS'", 'error': "Campo 'ccodusu' excede longitud máxima (8/1)", 'max_length': 1, 'actual_length': 8, 'table': 'cf_diario', 'subcategoria_id': 4}, {'field': 'ccodsu', 'row_index': 15, 'value': "'14'", 'error': "Campo 'ccodsu' excede longitud máxima (2/1)", 'max_length': 1, 'actual_length': 2, 'table': 'cf_diario', 'subcategoria_id': 4}, {'field': 'cper', 'row_index': 16, 'value': "'2026'", 'error': "Campo 'cper' excede longitud máxima (4/1)", 'max_length': 1, 'actual_length': 4, 'table': 'cf_diario', 'subcategoria_id': 4}, {'field': 'cmes', 'row_index': 16, 'value': "'02'", 'error': "Campo 'cmes' excede longitud máxima (2/1)", 'max_length': 1, 'actual_length': 2, 'table': 'cf_diario', 'subcategoria_id': 4}, {'field': 'ccodori', 'row_index': 16, 'value': "'002'", 'error': "Campo 'ccodori' excede longitud máxima (3/1)", 'max_length': 1, 'actual_length': 3, 'table': 'cf_diario', 'subcategoria_id': 4}, {'field': 'ccodusu', 'row_index': 16, 'value': "'SISTEMAS'", 'error': "Campo 'ccodusu' excede longitud máxima (8/1)", 'max_length': 1, 'actual_length': 8, 'table': 'cf_diario', 'subcategoria_id': 4}, {'field': 'ccodsu', 'row_index': 16, 'value': "'14'", 'error': "Campo 'ccodsu' excede longitud máxima (2/1)", 'max_length': 1, 'actual_length': 2, 'table': 'cf_diario', 'subcategoria_id': 4}, {'field': 'cper', 'row_index': 17, 'value': "'2026'", 'error': "Campo 'cper' excede longitud máxima (4/1)", 'max_length': 1, 'actual_length': 4, 'table': 'cf_diario', 'subcategoria_id': 4}, {'field': 'cmes', 'row_index': 17, 'value': "'02'", 'error': "Campo 'cmes' excede longitud máxima (2/1)", 'max_length': 1, 'actual_length': 2, 'table': 'cf_diario', 'subcategoria_id': 4}, {'field': 'ccodori', 'row_index': 17, 'value': "'002'", 'error': "Campo 'ccodori' excede longitud máxima (3/1)", 'max_length': 1, 'actual_length': 3, 'table': 'cf_diario', 'subcategoria_id': 4}, {'field': 'ccodusu', 'row_index': 17, 'value': "'SISTEMAS'", 'error': "Campo 'ccodusu' excede longitud máxima (8/1)", 'max_length': 1, 'actual_length': 8, 'table': 'cf_diario', 'subcategoria_id': 4}, {'field': 'ccodsu', 'row_index': 17, 'value': "'14'", 'error': "Campo 'ccodsu' excede longitud máxima (2/1)", 'max_length': 1, 'actual_length': 2, 'table': 'cf_diario', 'subcategoria_id': 4}, {'field': 'cper', 'row_index': 18, 'value': "'2026'", 'error': "Campo 'cper' excede longitud máxima (4/1)", 'max_length': 1, 'actual_length': 4, 'table': 'cf_diario', 'subcategoria_id': 4}, {'field': 'cmes', 'row_index': 18, 'value': "'02'", 'error': "Campo 'cmes' excede longitud máxima (2/1)", 'max_length': 1, 'actual_length': 2, 'table': 'cf_diario', 'subcategoria_id': 4}, {'field': 'ccodori', 'row_index': 18, 'value': "'002'", 'error': "Campo 'ccodori' excede longitud máxima (3/1)", 'max_length': 1, 'actual_length': 3, 'table': 'cf_diario', 'subcategoria_id': 4}, {'field': 'ccodusu', 'row_index': 18, 'value': "'SISTEMAS'", 'error': "Campo 'ccodusu' excede longitud máxima (8/1)", 'max_length': 1, 'actual_length': 8, 'table': 'cf_diario', 'subcategoria_id': 4}, {'field': 'ccodsu', 'row_index': 18, 'value': "'14'", 'error': "Campo 'ccodsu' excede longitud máxima (2/1)", 'max_length': 1, 'actual_length': 2, 'table': 'cf_diario', 'subcategoria_id': 4}, {'field': 'cper', 'row_index': 19, 'value': "'2026'", 'error': "Campo 'cper' excede longitud máxima (4/1)", 'max_length': 1, 'actual_length': 4, 'table': 'cf_diario', 'subcategoria_id': 4}, {'field': 'cmes', 'row_index': 19, 'value': "'02'", 'error': "Campo 'cmes' excede longitud máxima (2/1)", 'max_length': 1, 'actual_length': 2, 'table': 'cf_diario', 'subcategoria_id': 4}, {'field': 'ccodori', 'row_index': 19, 'value': "'002'", 'error': "Campo 'ccodori' excede longitud máxima (3/1)", 'max_length': 1, 'actual_length': 3, 'table': 'cf_diario', 'subcategoria_id': 4}, {'field': 'ccodusu', 'row_index': 19, 'value': "'SISTEMAS'", 'error': "Campo 'ccodusu' excede longitud máxima (8/1)", 'max_length': 1, 'actual_length': 8, 'table': 'cf_diario', 'subcategoria_id': 4}, {'field': 'ccodsu', 'row_index': 19, 'value': "'14'", 'error': "Campo 'ccodsu' excede longitud máxima (2/1)", 'max_length': 1, 'actual_length': 2, 'table': 'cf_diario', 'subcategoria_id': 4}, {'field': 'cper', 'row_index': 20, 'value': "'2026'", 'error': "Campo 'cper' excede longitud máxima (4/1)", 'max_length': 1, 'actual_length': 4, 'table': 'cf_diario', 'subcategoria_id': 4}, {'field': 'cmes', 'row_index': 20, 'value': "'02'", 'error': "Campo 'cmes' excede longitud máxima (2/1)", 'max_length': 1, 'actual_length': 2, 'table': 'cf_diario', 'subcategoria_id': 4}, {'field': 'ccodori', 'row_index': 20, 'value': "'002'", 'error': "Campo 'ccodori' excede longitud máxima (3/1)", 'max_length': 1, 'actual_length': 3, 'table': 'cf_diario', 'subcategoria_id': 4}, {'field': 'ccodusu', 'row_index': 20, 'value': "'SISTEMAS'", 'error': "Campo 'ccodusu' excede longitud máxima (8/1)", 'max_length': 1, 'actual_length': 8, 'table': 'cf_diario', 'subcategoria_id': 4}, {'field': 'ccodsu', 'row_index': 20, 'value': "'14'", 'error': "Campo 'ccodsu' excede longitud máxima (2/1)", 'max_length': 1, 'actual_length': 2, 'table': 'cf_diario', 'subcategoria_id': 4}, {'field': 'cper', 'row_index': 21, 'value': "'2026'", 'error': "Campo 'cper' excede longitud máxima (4/1)", 'max_length': 1, 'actual_length': 4, 'table': 'cf_diario', 'subcategoria_id': 4}, {'field': 'cmes', 'row_index': 21, 'value': "'02'", 'error': "Campo 'cmes' excede longitud máxima (2/1)", 'max_length': 1, 'actual_length': 2, 'table': 'cf_diario', 'subcategoria_id': 4}, {'field': 'ccodori', 'row_index': 21, 'value': "'002'", 'error': "Campo 'ccodori' excede longitud máxima (3/1)", 'max_length': 1, 'actual_length': 3, 'table': 'cf_diario', 'subcategoria_id': 4}, {'field': 'ccodusu', 'row_index': 21, 'value': "'SISTEMAS'", 'error': "Campo 'ccodusu' excede longitud máxima (8/1)", 'max_length': 1, 'actual_length': 8, 'table': 'cf_diario', 'subcategoria_id': 4}, {'field': 'ccodsu', 'row_index': 21, 'value': "'14'", 'error': "Campo 'ccodsu' excede longitud máxima (2/1)", 'max_length': 1, 'actual_length': 2, 'table': 'cf_diario', 'subcategoria_id': 4}, {'field': 'cper', 'row_index': 22, 'value': "'2026'", 'error': "Campo 'cper' excede longitud máxima (4/1)", 'max_length': 1, 'actual_length': 4, 'table': 'cf_diario', 'subcategoria_id': 4}, {'field': 'cmes', 'row_index': 22, 'value': "'02'", 'error': "Campo 'cmes' excede longitud máxima (2/1)", 'max_length': 1, 'actual_length': 2, 'table': 'cf_diario', 'subcategoria_id': 4}, {'field': 'ccodori', 'row_index': 22, 'value': "'002'", 'error': "Campo 'ccodori' excede longitud máxima (3/1)", 'max_length': 1, 'actual_length': 3, 'table': 'cf_diario', 'subcategoria_id': 4}, {'field': 'ccodusu', 'row_index': 22, 'value': "'SISTEMAS'", 'error': "Campo 'ccodusu' excede longitud máxima (8/1)", 'max_length': 1, 'actual_length': 8, 'table': 'cf_diario', 'subcategoria_id': 4}, {'field': 'ccodsu', 'row_index': 22, 'value': "'14'", 'error': "Campo 'ccodsu' excede longitud máxima (2/1)", 'max_length': 1, 'actual_length': 2, 'table': 'cf_diario', 'subcategoria_id': 4}, {'field': 'cper', 'row_index': 23, 'value': "'2026'", 'error': "Campo 'cper' excede longitud máxima (4/1)", 'max_length': 1, 'actual_length': 4, 'table': 'cf_diario', 'subcategoria_id': 4}, {'field': 'cmes', 'row_index': 23, 'value': "'02'", 'error': "Campo 'cmes' excede longitud máxima (2/1)", 'max_length': 1, 'actual_length': 2, 'table': 'cf_diario', 'subcategoria_id': 4}, {'field': 'ccodori', 'row_index': 23, 'value': "'002'", 'error': "Campo 'ccodori' excede longitud máxima (3/1)", 'max_length': 1, 'actual_length': 3, 'table': 'cf_diario', 'subcategoria_id': 4}, {'field': 'ccodusu', 'row_index': 23, 'value': "'SISTEMAS'", 'error': "Campo 'ccodusu' excede longitud máxima (8/1)", 'max_length': 1, 'actual_length': 8, 'table': 'cf_diario', 'subcategoria_id': 4}, {'field': 'ccodsu', 'row_index': 23, 'value': "'14'", 'error': "Campo 'ccodsu' excede longitud máxima (2/1)", 'max_length': 1, 'actual_length': 2, 'table': 'cf_diario', 'subcategoria_id': 4}, {'field': 'cper', 'row_index': 24, 'value': "'2026'", 'error': "Campo 'cper' excede longitud máxima (4/1)", 'max_length': 1, 'actual_length': 4, 'table': 'cf_diario', 'subcategoria_id': 4}, {'field': 'cmes', 'row_index': 24, 'value': "'02'", 'error': "Campo 'cmes' excede longitud máxima (2/1)", 'max_length': 1, 'actual_length': 2, 'table': 'cf_diario', 'subcategoria_id': 4}, {'field': 'ccodori', 'row_index': 24, 'value': "'002'", 'error': "Campo 'ccodori' excede longitud máxima (3/1)", 'max_length': 1, 'actual_length': 3, 'table': 'cf_diario', 'subcategoria_id': 4}, {'field': 'ccodusu', 'row_index': 24, 'value': "'SISTEMAS'", 'error': "Campo 'ccodusu' excede longitud máxima (8/1)", 'max_length': 1, 'actual_length': 8, 'table': 'cf_diario', 'subcategoria_id': 4}, {'field': 'ccodsu', 'row_index': 24, 'value': "'14'", 'error': "Campo 'ccodsu' excede longitud máxima (2/1)", 'max_length': 1, 'actual_length': 2, 'table': 'cf_diario', 'subcategoria_id': 4}, {'field': 'cper', 'row_index': 25, 'value': "'2026'", 'error': "Campo 'cper' excede longitud máxima (4/1)", 'max_length': 1, 'actual_length': 4, 'table': 'cf_diario', 'subcategoria_id': 4}, {'field': 'cmes', 'row_index': 25, 'value': "'02'", 'error': "Campo 'cmes' excede longitud máxima (2/1)", 'max_length': 1, 'actual_length': 2, 'table': 'cf_diario', 'subcategoria_id': 4}, {'field': 'ccodori', 'row_index': 25, 'value': "'002'", 'error': "Campo 'ccodori' excede longitud máxima (3/1)", 'max_length': 1, 'actual_length': 3, 'table': 'cf_diario', 'subcategoria_id': 4}, {'field': 'ccodusu', 'row_index': 25, 'value': "'SISTEMAS'", 'error': "Campo 'ccodusu' excede longitud máxima (8/1)", 'max_length': 1, 'actual_length': 8, 'table': 'cf_diario', 'subcategoria_id': 4}, {'field': 'ccodsu', 'row_index': 25, 'value': "'14'", 'error': "Campo 'ccodsu' excede longitud máxima (2/1)", 'max_length': 1, 'actual_length': 2, 'table': 'cf_diario', 'subcategoria_id': 4}, {'field': 'cper', 'row_index': 26, 'value': "'2026'", 'error': "Campo 'cper' excede longitud máxima (4/1)", 'max_length': 1, 'actual_length': 4, 'table': 'cf_diario', 'subcategoria_id': 4}, {'field': 'cmes', 'row_index': 26, 'value': "'02'", 'error': "Campo 'cmes' excede longitud máxima (2/1)", 'max_length': 1, 'actual_length': 2, 'table': 'cf_diario', 'subcategoria_id': 4}, {'field': 'ccodori', 'row_index': 26, 'value': "'002'", 'error': "Campo 'ccodori' excede longitud máxima (3/1)", 'max_length': 1, 'actual_length': 3, 'table': 'cf_diario', 'subcategoria_id': 4}, {'field': 'ccodusu', 'row_index': 26, 'value': "'SISTEMAS'", 'error': "Campo 'ccodusu' excede longitud máxima (8/1)", 'max_length': 1, 'actual_length': 8, 'table': 'cf_diario', 'subcategoria_id': 4}, {'field': 'ccodsu', 'row_index': 26, 'value': "'14'", 'error': "Campo 'ccodsu' excede longitud máxima (2/1)", 'max_length': 1, 'actual_length': 2, 'table': 'cf_diario', 'subcategoria_id': 4}, {'field': 'cper', 'row_index': 27, 'value': "'2026'", 'error': "Campo 'cper' excede longitud máxima (4/1)", 'max_length': 1, 'actual_length': 4, 'table': 'cf_diario', 'subcategoria_id': 4}, {'field': 'cmes', 'row_index': 27, 'value': "'02'", 'error': "Campo 'cmes' excede longitud máxima (2/1)", 'max_length': 1, 'actual_length': 2, 'table': 'cf_diario', 'subcategoria_id': 4}, {'field': 'ccodori', 'row_index': 27, 'value': "'002'", 'error': "Campo 'ccodori' excede longitud máxima (3/1)", 'max_length': 1, 'actual_length': 3, 'table': 'cf_diario', 'subcategoria_id': 4}, {'field': 'ccodusu', 'row_index': 27, 'value': "'SISTEMAS'", 'error': "Campo 'ccodusu' excede longitud máxima (8/1)", 'max_length': 1, 'actual_length': 8, 'table': 'cf_diario', 'subcategoria_id': 4}, {'field': 'ccodsu', 'row_index': 27, 'value': "'14'", 'error': "Campo 'ccodsu' excede longitud máxima (2/1)", 'max_length': 1, 'actual_length': 2, 'table': 'cf_diario', 'subcategoria_id': 4}, {'field': 'cper', 'row_index': 28, 'value': "'2026'", 'error': "Campo 'cper' excede longitud máxima (4/1)", 'max_length': 1, 'actual_length': 4, 'table': 'cf_diario', 'subcategoria_id': 4}, {'field': 'cmes', 'row_index': 28, 'value': "'02'", 'error': "Campo 'cmes' excede longitud máxima (2/1)", 'max_length': 1, 'actual_length': 2, 'table': 'cf_diario', 'subcategoria_id': 4}, {'field': 'ccodori', 'row_index': 28, 'value': "'002'", 'error': "Campo 'ccodori' excede longitud máxima (3/1)", 'max_length': 1, 'actual_length': 3, 'table': 'cf_diario', 'subcategoria_id': 4}, {'field': 'ccodusu', 'row_index': 28, 'value': "'SISTEMAS'", 'error': "Campo 'ccodusu' excede longitud máxima (8/1)", 'max_length': 1, 'actual_length': 8, 'table': 'cf_diario', 'subcategoria_id': 4}, {'field': 'ccodsu', 'row_index': 28, 'value': "'14'", 'error': "Campo 'ccodsu' excede longitud máxima (2/1)", 'max_length': 1, 'actual_length': 2, 'table': 'cf_diario', 'subcategoria_id': 4}, {'field': 'cper', 'row_index': 29, 'value': "'2026'", 'error': "Campo 'cper' excede longitud máxima (4/1)", 'max_length': 1, 'actual_length': 4, 'table': 'cf_diario', 'subcategoria_id': 4}, {'field': 'cmes', 'row_index': 29, 'value': "'02'", 'error': "Campo 'cmes' excede longitud máxima (2/1)", 'max_length': 1, 'actual_length': 2, 'table': 'cf_diario', 'subcategoria_id': 4}, {'field': 'ccodori', 'row_index': 29, 'value': "'002'", 'error': "Campo 'ccodori' excede longitud máxima (3/1)", 'max_length': 1, 'actual_length': 3, 'table': 'cf_diario', 'subcategoria_id': 4}, {'field': 'ccodusu', 'row_index': 29, 'value': "'SISTEMAS'", 'error': "Campo 'ccodusu' excede longitud máxima (8/1)", 'max_length': 1, 'actual_length': 8, 'table': 'cf_diario', 'subcategoria_id': 4}, {'field': 'ccodsu', 'row_index': 29, 'value': "'14'", 'error': "Campo 'ccodsu' excede longitud máxima (2/1)", 'max_length': 1, 'actual_length': 2, 'table': 'cf_diario', 'subcategoria_id': 4}, {'field': 'cper', 'row_index': 30, 'value': "'2026'", 'error': "Campo 'cper' excede longitud máxima (4/1)", 'max_length': 1, 'actual_length': 4, 'table': 'cf_diario', 'subcategoria_id': 4}, {'field': 'cmes', 'row_index': 30, 'value': "'02'", 'error': "Campo 'cmes' excede longitud máxima (2/1)", 'max_length': 1, 'actual_length': 2, 'table': 'cf_diario', 'subcategoria_id': 4}, {'field': 'ccodori', 'row_index': 30, 'value': "'002'", 'error': "Campo 'ccodori' excede longitud máxima (3/1)", 'max_length': 1, 'actual_length': 3, 'table': 'cf_diario', 'subcategoria_id': 4}, {'field': 'ccodusu', 'row_index': 30, 'value': "'SISTEMAS'", 'error': "Campo 'ccodusu' excede longitud máxima (8/1)", 'max_length': 1, 'actual_length': 8, 'table': 'cf_diario', 'subcategoria_id': 4}, {'field': 'ccodsu', 'row_index': 30, 'value': "'14'", 'error': "Campo 'ccodsu' excede longitud máxima (2/1)", 'max_length': 1, 'actual_length': 2, 'table': 'cf_diario', 'subcategoria_id': 4}, {'field': 'cper', 'row_index': 31, 'value': "'2026'", 'error': "Campo 'cper' excede longitud máxima (4/1)", 'max_length': 1, 'actual_length': 4, 'table': 'cf_diario', 'subcategoria_id': 4}, {'field': 'cmes', 'row_index': 31, 'value': "'02'", 'error': "Campo 'cmes' excede longitud máxima (2/1)", 'max_length': 1, 'actual_length': 2, 'table': 'cf_diario', 'subcategoria_id': 4}, {'field': 'ccodori', 'row_index': 31, 'value': "'002'", 'error': "Campo 'ccodori' excede longitud máxima (3/1)", 'max_length': 1, 'actual_length': 3, 'table': 'cf_diario', 'subcategoria_id': 4}, {'field': 'ccodusu', 'row_index': 31, 'value': "'SISTEMAS'", 'error': "Campo 'ccodusu' excede longitud máxima (8/1)", 'max_length': 1, 'actual_length': 8, 'table': 'cf_diario', 'subcategoria_id': 4}, {'field': 'ccodsu', 'row_index': 31, 'value': "'14'", 'error': "Campo 'ccodsu' excede longitud máxima (2/1)", 'max_length': 1, 'actual_length': 2, 'table': 'cf_diario', 'subcategoria_id': 4}, {'field': 'cper', 'row_index': 32, 'value': "'2026'", 'error': "Campo 'cper' excede longitud máxima (4/1)", 'max_length': 1, 'actual_length': 4, 'table': 'cf_diario', 'subcategoria_id': 4}, {'field': 'cmes', 'row_index': 32, 'value': "'02'", 'error': "Campo 'cmes' excede longitud máxima (2/1)", 'max_length': 1, 'actual_length': 2, 'table': 'cf_diario', 'subcategoria_id': 4}, {'field': 'ccodori', 'row_index': 32, 'value': "'002'", 'error': "Campo 'ccodori' excede longitud máxima (3/1)", 'max_length': 1, 'actual_length': 3, 'table': 'cf_diario', 'subcategoria_id': 4}, {'field': 'ccodusu', 'row_index': 32, 'value': "'SISTEMAS'", 'error': "Campo 'ccodusu' excede longitud máxima (8/1)", 'max_length': 1, 'actual_length': 8, 'table': 'cf_diario', 'subcategoria_id': 4}, {'field': 'ccodsu', 'row_index': 32, 'value': "'14'", 'error': "Campo 'ccodsu' excede longitud máxima (2/1)", 'max_length': 1, 'actual_length': 2, 'table': 'cf_diario', 'subcategoria_id': 4}, {'field': 'cper', 'row_index': 33, 'value': "'2026'", 'error': "Campo 'cper' excede longitud máxima (4/1)", 'max_length': 1, 'actual_length': 4, 'table': 'cf_diario', 'subcategoria_id': 4}, {'field': 'cmes', 'row_index': 33, 'value': "'02'", 'error': "Campo 'cmes' excede longitud máxima (2/1)", 'max_length': 1, 'actual_length': 2, 'table': 'cf_diario', 'subcategoria_id': 4}, {'field': 'ccodori', 'row_index': 33, 'value': "'002'", 'error': "Campo 'ccodori' excede longitud máxima (3/1)", 'max_length': 1, 'actual_length': 3, 'table': 'cf_diario', 'subcategoria_id': 4}, {'field': 'ccodusu', 'row_index': 33, 'value': "'SISTEMAS'", 'error': "Campo 'ccodusu' excede longitud máxima (8/1)", 'max_length': 1, 'actual_length': 8, 'table': 'cf_diario', 'subcategoria_id': 4}, {'field': 'ccodsu', 'row_index': 33, 'value': "'14'", 'error': "Campo 'ccodsu' excede longitud máxima (2/1)", 'max_length': 1, 'actual_length': 2, 'table': 'cf_diario', 'subcategoria_id': 4}, {'field': 'cper', 'row_index': 34, 'value': "'2026'", 'error': "Campo 'cper' excede longitud máxima (4/1)", 'max_length': 1, 'actual_length': 4, 'table': 'cf_diario', 'subcategoria_id': 4}, {'field': 'cmes', 'row_index': 34, 'value': "'02'", 'error': "Campo 'cmes' excede longitud máxima (2/1)", 'max_length': 1, 'actual_length': 2, 'table': 'cf_diario', 'subcategoria_id': 4}, {'field': 'ccodori', 'row_index': 34, 'value': "'002'", 'error': "Campo 'ccodori' excede longitud máxima (3/1)", 'max_length': 1, 'actual_length': 3, 'table': 'cf_diario', 'subcategoria_id': 4}, {'field': 'ccodusu', 'row_index': 34, 'value': "'SISTEMAS'", 'error': "Campo 'ccodusu' excede longitud máxima (8/1)", 'max_length': 1, 'actual_length': 8, 'table': 'cf_diario', 'subcategoria_id': 4}, {'field': 'ccodsu', 'row_index': 34, 'value': "'14'", 'error': "Campo 'ccodsu' excede longitud máxima (2/1)", 'max_length': 1, 'actual_length': 2, 'table': 'cf_diario', 'subcategoria_id': 4}, {'field': 'cper', 'row_index': 35, 'value': "'2026'", 'error': "Campo 'cper' excede longitud máxima (4/1)", 'max_length': 1, 'actual_length': 4, 'table': 'cf_diario', 'subcategoria_id': 4}, {'field': 'cmes', 'row_index': 35, 'value': "'02'", 'error': "Campo 'cmes' excede longitud máxima (2/1)", 'max_length': 1, 'actual_length': 2, 'table': 'cf_diario', 'subcategoria_id': 4}, {'field': 'ccodori', 'row_index': 35, 'value': "'002'", 'error': "Campo 'ccodori' excede longitud máxima (3/1)", 'max_length': 1, 'actual_length': 3, 'table': 'cf_diario', 'subcategoria_id': 4}, {'field': 'ccodusu', 'row_index': 35, 'value': "'SISTEMAS'", 'error': "Campo 'ccodusu' excede longitud máxima (8/1)", 'max_length': 1, 'actual_length': 8, 'table': 'cf_diario', 'subcategoria_id': 4}, {'field': 'ccodsu', 'row_index': 35, 'value': "'14'", 'error': "Campo 'ccodsu' excede longitud máxima (2/1)", 'max_length': 1, 'actual_length': 2, 'table': 'cf_diario', 'subcategoria_id': 4}, {'field': 'cper', 'row_index': 36, 'value': "'2026'", 'error': "Campo 'cper' excede longitud máxima (4/1)", 'max_length': 1, 'actual_length': 4, 'table': 'cf_diario', 'subcategoria_id': 4}, {'field': 'cmes', 'row_index': 36, 'value': "'02'", 'error': "Campo 'cmes' excede longitud máxima (2/1)", 'max_length': 1, 'actual_length': 2, 'table': 'cf_diario', 'subcategoria_id': 4}, {'field': 'ccodori', 'row_index': 36, 'value': "'002'", 'error': "Campo 'ccodori' excede longitud máxima (3/1)", 'max_length': 1, 'actual_length': 3, 'table': 'cf_diario', 'subcategoria_id': 4}, {'field': 'ccodusu', 'row_index': 36, 'value': "'SISTEMAS'", 'error': "Campo 'ccodusu' excede longitud máxima (8/1)", 'max_length': 1, 'actual_length': 8, 'table': 'cf_diario', 'subcategoria_id': 4}, {'field': 'ccodsu', 'row_index': 36, 'value': "'14'", 'error': "Campo 'ccodsu' excede longitud máxima (2/1)", 'max_length': 1, 'actual_length': 2, 'table': 'cf_diario', 'subcategoria_id': 4}, {'field': 'cper', 'row_index': 37, 'value': "'2026'", 'error': "Campo 'cper' excede longitud máxima (4/1)", 'max_length': 1, 'actual_length': 4, 'table': 'cf_diario', 'subcategoria_id': 4}, {'field': 'cmes', 'row_index': 37, 'value': "'02'", 'error': "Campo 'cmes' excede longitud máxima (2/1)", 'max_length': 1, 'actual_length': 2, 'table': 'cf_diario', 'subcategoria_id': 4}, {'field': 'ccodori', 'row_index': 37, 'value': "'002'", 'error': "Campo 'ccodori' excede longitud máxima (3/1)", 'max_length': 1, 'actual_length': 3, 'table': 'cf_diario', 'subcategoria_id': 4}, {'field': 'ccodusu', 'row_index': 37, 'value': "'SISTEMAS'", 'error': "Campo 'ccodusu' excede longitud máxima (8/1)", 'max_length': 1, 'actual_length': 8, 'table': 'cf_diario', 'subcategoria_id': 4}, {'field': 'ccodsu', 'row_index': 37, 'value': "'14'", 'error': "Campo 'ccodsu' excede longitud máxima (2/1)", 'max_length': 1, 'actual_length': 2, 'table': 'cf_diario', 'subcategoria_id': 4}, {'field': 'cper', 'row_index': 38, 'value': "'2026'", 'error': "Campo 'cper' excede longitud máxima (4/1)", 'max_length': 1, 'actual_length': 4, 'table': 'cf_diario', 'subcategoria_id': 4}, {'field': 'cmes', 'row_index': 38, 'value': "'02'", 'error': "Campo 'cmes' excede longitud máxima (2/1)", 'max_length': 1, 'actual_length': 2, 'table': 'cf_diario', 'subcategoria_id': 4}, {'field': 'ccodori', 'row_index': 38, 'value': "'002'", 'error': "Campo 'ccodori' excede longitud máxima (3/1)", 'max_length': 1, 'actual_length': 3, 'table': 'cf_diario', 'subcategoria_id': 4}, {'field': 'ccodusu', 'row_index': 38, 'value': "'SISTEMAS'", 'error': "Campo 'ccodusu' excede longitud máxima (8/1)", 'max_length': 1, 'actual_length': 8, 'table': 'cf_diario', 'subcategoria_id': 4}, {'field': 'ccodsu', 'row_index': 38, 'value': "'14'", 'error': "Campo 'ccodsu' excede longitud máxima (2/1)", 'max_length': 1, 'actual_length': 2, 'table': 'cf_diario', 'subcategoria_id': 4}, {'field': 'cper', 'row_index': 39, 'value': "'2026'", 'error': "Campo 'cper' excede longitud máxima (4/1)", 'max_length': 1, 'actual_length': 4, 'table': 'cf_diario', 'subcategoria_id': 4}, {'field': 'cmes', 'row_index': 39, 'value': "'02'", 'error': "Campo 'cmes' excede longitud máxima (2/1)", 'max_length': 1, 'actual_length': 2, 'table': 'cf_diario', 'subcategoria_id': 4}, {'field': 'ccodori', 'row_index': 39, 'value': "'002'", 'error': "Campo 'ccodori' excede longitud máxima (3/1)", 'max_length': 1, 'actual_length': 3, 'table': 'cf_diario', 'subcategoria_id': 4}, {'field': 'ccodusu', 'row_index': 39, 'value': "'SISTEMAS'", 'error': "Campo 'ccodusu' excede longitud máxima (8/1)", 'max_length': 1, 'actual_length': 8, 'table': 'cf_diario', 'subcategoria_id': 4}, {'field': 'ccodsu', 'row_index': 39, 'value': "'14'", 'error': "Campo 'ccodsu' excede longitud máxima (2/1)", 'max_length': 1, 'actual_length': 2, 'table': 'cf_diario', 'subcategoria_id': 4}]}
Traceback (most recent call last):
  File "C:\SistemaMigConta\backend\app\api\endpoints\mapeo.py", line 1104, in generate_to_cf_diariol
    gen, asis = _generate_subcategoria_cf_diariol(
                ~~~~~~~~~~~~~~~~~~~~~~~~~~~~~~~~~^
        sub, db, company_id, filters, lote_id, global_counters,
        ^^^^^^^^^^^^^^^^^^^^^^^^^^^^^^^^^^^^^^^^^^^^^^^^^^^^^^^
        generate_headers=(sub.generate_headers is not False),
        ^^^^^^^^^^^^^^^^^^^^^^^^^^^^^^^^^^^^^^^^^^^^^^^^^^^^^
        generate_details=(sub.generate_details is not False)
        ^^^^^^^^^^^^^^^^^^^^^^^^^^^^^^^^^^^^^^^^^^^^^^^^^^^^
    )
    ^
  File "C:\SistemaMigConta\backend\app\api\endpoints\mapeo.py", line 748, in _generate_subcategoria_cf_diariol
    raise HTTPException(
    ...<5 lines>...
    )
fastapi.exceptions.HTTPException: 422: {'message': 'Errores de validación en cabecera (Registro de Ventas)', 'errors': [{'field': 'cper', 'row_index': 0, 'value': "'2026'", 'error': "Campo 'cper' excede longitud máxima (4/1)", 'max_length': 1, 'actual_length': 4, 'table': 'cf_diario', 'subcategoria_id': 4}, {'field': 'cmes', 'row_index': 0, 'value': "'02'", 'error': "Campo 'cmes' excede longitud máxima (2/1)", 'max_length': 1, 'actual_length': 2, 'table': 'cf_diario', 'subcategoria_id': 4}, {'field': 'ccodori', 'row_index': 0, 'value': "'002'", 'error': "Campo 'ccodori' excede longitud máxima (3/1)", 'max_length': 1, 'actual_length': 3, 'table': 'cf_diario', 'subcategoria_id': 4}, {'field': 'ccodusu', 'row_index': 0, 'value': "'SISTEMAS'", 'error': "Campo 'ccodusu' excede longitud máxima (8/1)", 'max_length': 1, 'actual_length': 8, 'table': 'cf_diario', 'subcategoria_id': 4}, {'field': 'ccodsu', 'row_index': 0, 'value': "'14'", 'error': "Campo 'ccodsu' excede longitud máxima (2/1)", 'max_length': 1, 'actual_length': 2, 'table': 'cf_diario', 'subcategoria_id': 4}, {'field': 'cper', 'row_index': 1, 'value': "'2026'", 'error': "Campo 'cper' excede longitud máxima (4/1)", 'max_length': 1, 'actual_length': 4, 'table': 'cf_diario', 'subcategoria_id': 4}, {'field': 'cmes', 'row_index': 1, 'value': "'02'", 'error': "Campo 'cmes' excede longitud máxima (2/1)", 'max_length': 1, 'actual_length': 2, 'table': 'cf_diario', 'subcategoria_id': 4}, {'field': 'ccodori', 'row_index': 1, 'value': "'002'", 'error': "Campo 'ccodori' excede longitud máxima (3/1)", 'max_length': 1, 'actual_length': 3, 'table': 'cf_diario', 'subcategoria_id': 4}, {'field': 'ccodusu', 'row_index': 1, 'value': "'SISTEMAS'", 'error': "Campo 'ccodusu' excede longitud máxima (8/1)", 'max_length': 1, 'actual_length': 8, 'table': 'cf_diario', 'subcategoria_id': 4}, {'field': 'ccodsu', 'row_index': 1, 'value': "'14'", 'error': "Campo 'ccodsu' excede longitud máxima (2/1)", 'max_length': 1, 'actual_length': 2, 'table': 'cf_diario', 'subcategoria_id': 4}, {'field': 'cper', 'row_index': 2, 'value': "'2026'", 'error': "Campo 'cper' excede longitud máxima (4/1)", 'max_length': 1, 'actual_length': 4, 'table': 'cf_diario', 'subcategoria_id': 4}, {'field': 'cmes', 'row_index': 2, 'value': "'02'", 'error': "Campo 'cmes' excede longitud máxima (2/1)", 'max_length': 1, 'actual_length': 2, 'table': 'cf_diario', 'subcategoria_id': 4}, {'field': 'ccodori', 'row_index': 2, 'value': "'002'", 'error': "Campo 'ccodori' excede longitud máxima (3/1)", 'max_length': 1, 'actual_length': 3, 'table': 'cf_diario', 'subcategoria_id': 4}, {'field': 'ccodusu', 'row_index': 2, 'value': "'SISTEMAS'", 'error': "Campo 'ccodusu' excede longitud máxima (8/1)", 'max_length': 1, 'actual_length': 8, 'table': 'cf_diario', 'subcategoria_id': 4}, {'field': 'ccodsu', 'row_index': 2, 'value': "'14'", 'error': "Campo 'ccodsu' excede longitud máxima (2/1)", 'max_length': 1, 'actual_length': 2, 'table': 'cf_diario', 'subcategoria_id': 4}, {'field': 'cper', 'row_index': 3, 'value': "'2026'", 'error': "Campo 'cper' excede longitud máxima (4/1)", 'max_length': 1, 'actual_length': 4, 'table': 'cf_diario', 'subcategoria_id': 4}, {'field': 'cmes', 'row_index': 3, 'value': "'02'", 'error': "Campo 'cmes' excede longitud máxima (2/1)", 'max_length': 1, 'actual_length': 2, 'table': 'cf_diario', 'subcategoria_id': 4}, {'field': 'ccodori', 'row_index': 3, 'value': "'002'", 'error': "Campo 'ccodori' excede longitud máxima (3/1)", 'max_length': 1, 'actual_length': 3, 'table': 'cf_diario', 'subcategoria_id': 4}, {'field': 'ccodusu', 'row_index': 3, 'value': "'SISTEMAS'", 'error': "Campo 'ccodusu' excede longitud máxima (8/1)", 'max_length': 1, 'actual_length': 8, 'table': 'cf_diario', 'subcategoria_id': 4}, {'field': 'ccodsu', 'row_index': 3, 'value': "'14'", 'error': "Campo 'ccodsu' excede longitud máxima (2/1)", 'max_length': 1, 'actual_length': 2, 'table': 'cf_diario', 'subcategoria_id': 4}, {'field': 'cper', 'row_index': 4, 'value': "'2026'", 'error': "Campo 'cper' excede longitud máxima (4/1)", 'max_length': 1, 'actual_length': 4, 'table': 'cf_diario', 'subcategoria_id': 4}, {'field': 'cmes', 'row_index': 4, 'value': "'02'", 'error': "Campo 'cmes' excede longitud máxima (2/1)", 'max_length': 1, 'actual_length': 2, 'table': 'cf_diario', 'subcategoria_id': 4}, {'field': 'ccodori', 'row_index': 4, 'value': "'002'", 'error': "Campo 'ccodori' excede longitud máxima (3/1)", 'max_length': 1, 'actual_length': 3, 'table': 'cf_diario', 'subcategoria_id': 4}, {'field': 'ccodusu', 'row_index': 4, 'value': "'SISTEMAS'", 'error': "Campo 'ccodusu' excede longitud máxima (8/1)", 'max_length': 1, 'actual_length': 8, 'table': 'cf_diario', 'subcategoria_id': 4}, {'field': 'ccodsu', 'row_index': 4, 'value': "'14'", 'error': "Campo 'ccodsu' excede longitud máxima (2/1)", 'max_length': 1, 'actual_length': 2, 'table': 'cf_diario', 'subcategoria_id': 4}, {'field': 'cper', 'row_index': 5, 'value': "'2026'", 'error': "Campo 'cper' excede longitud máxima (4/1)", 'max_length': 1, 'actual_length': 4, 'table': 'cf_diario', 'subcategoria_id': 4}, {'field': 'cmes', 'row_index': 5, 'value': "'02'", 'error': "Campo 'cmes' excede longitud máxima (2/1)", 'max_length': 1, 'actual_length': 2, 'table': 'cf_diario', 'subcategoria_id': 4}, {'field': 'ccodori', 'row_index': 5, 'value': "'002'", 'error': "Campo 'ccodori' excede longitud máxima (3/1)", 'max_length': 1, 'actual_length': 3, 'table': 'cf_diario', 'subcategoria_id': 4}, {'field': 'ccodusu', 'row_index': 5, 'value': "'SISTEMAS'", 'error': "Campo 'ccodusu' excede longitud máxima (8/1)", 'max_length': 1, 'actual_length': 8, 'table': 'cf_diario', 'subcategoria_id': 4}, {'field': 'ccodsu', 'row_index': 5, 'value': "'14'", 'error': "Campo 'ccodsu' excede longitud máxima (2/1)", 'max_length': 1, 'actual_length': 2, 'table': 'cf_diario', 'subcategoria_id': 4}, {'field': 'cper', 'row_index': 6, 'value': "'2026'", 'error': "Campo 'cper' excede longitud máxima (4/1)", 'max_length': 1, 'actual_length': 4, 'table': 'cf_diario', 'subcategoria_id': 4}, {'field': 'cmes', 'row_index': 6, 'value': "'02'", 'error': "Campo 'cmes' excede longitud máxima (2/1)", 'max_length': 1, 'actual_length': 2, 'table': 'cf_diario', 'subcategoria_id': 4}, {'field': 'ccodori', 'row_index': 6, 'value': "'002'", 'error': "Campo 'ccodori' excede longitud máxima (3/1)", 'max_length': 1, 'actual_length': 3, 'table': 'cf_diario', 'subcategoria_id': 4}, {'field': 'ccodusu', 'row_index': 6, 'value': "'SISTEMAS'", 'error': "Campo 'ccodusu' excede longitud máxima (8/1)", 'max_length': 1, 'actual_length': 8, 'table': 'cf_diario', 'subcategoria_id': 4}, {'field': 'ccodsu', 'row_index': 6, 'value': "'14'", 'error': "Campo 'ccodsu' excede longitud máxima (2/1)", 'max_length': 1, 'actual_length': 2, 'table': 'cf_diario', 'subcategoria_id': 4}, {'field': 'cper', 'row_index': 7, 'value': "'2026'", 'error': "Campo 'cper' excede longitud máxima (4/1)", 'max_length': 1, 'actual_length': 4, 'table': 'cf_diario', 'subcategoria_id': 4}, {'field': 'cmes', 'row_index': 7, 'value': "'02'", 'error': "Campo 'cmes' excede longitud máxima (2/1)", 'max_length': 1, 'actual_length': 2, 'table': 'cf_diario', 'subcategoria_id': 4}, {'field': 'ccodori', 'row_index': 7, 'value': "'002'", 'error': "Campo 'ccodori' excede longitud máxima (3/1)", 'max_length': 1, 'actual_length': 3, 'table': 'cf_diario', 'subcategoria_id': 4}, {'field': 'ccodusu', 'row_index': 7, 'value': "'SISTEMAS'", 'error': "Campo 'ccodusu' excede longitud máxima (8/1)", 'max_length': 1, 'actual_length': 8, 'table': 'cf_diario', 'subcategoria_id': 4}, {'field': 'ccodsu', 'row_index': 7, 'value': "'14'", 'error': "Campo 'ccodsu' excede longitud máxima (2/1)", 'max_length': 1, 'actual_length': 2, 'table': 'cf_diario', 'subcategoria_id': 4}, {'field': 'cper', 'row_index': 8, 'value': "'2026'", 'error': "Campo 'cper' excede longitud máxima (4/1)", 'max_length': 1, 'actual_length': 4, 'table': 'cf_diario', 'subcategoria_id': 4}, {'field': 'cmes', 'row_index': 8, 'value': "'02'", 'error': "Campo 'cmes' excede longitud máxima (2/1)", 'max_length': 1, 'actual_length': 2, 'table': 'cf_diario', 'subcategoria_id': 4}, {'field': 'ccodori', 'row_index': 8, 'value': "'002'", 'error': "Campo 'ccodori' excede longitud máxima (3/1)", 'max_length': 1, 'actual_length': 3, 'table': 'cf_diario', 'subcategoria_id': 4}, {'field': 'ccodusu', 'row_index': 8, 'value': "'SISTEMAS'", 'error': "Campo 'ccodusu' excede longitud máxima (8/1)", 'max_length': 1, 'actual_length': 8, 'table': 'cf_diario', 'subcategoria_id': 4}, {'field': 'ccodsu', 'row_index': 8, 'value': "'14'", 'error': "Campo 'ccodsu' excede longitud máxima (2/1)", 'max_length': 1, 'actual_length': 2, 'table': 'cf_diario', 'subcategoria_id': 4}, {'field': 'cper', 'row_index': 9, 'value': "'2026'", 'error': "Campo 'cper' excede longitud máxima (4/1)", 'max_length': 1, 'actual_length': 4, 'table': 'cf_diario', 'subcategoria_id': 4}, {'field': 'cmes', 'row_index': 9, 'value': "'02'", 'error': "Campo 'cmes' excede longitud máxima (2/1)", 'max_length': 1, 'actual_length': 2, 'table': 'cf_diario', 'subcategoria_id': 4}, {'field': 'ccodori', 'row_index': 9, 'value': "'002'", 'error': "Campo 'ccodori' excede longitud máxima (3/1)", 'max_length': 1, 'actual_length': 3, 'table': 'cf_diario', 'subcategoria_id': 4}, {'field': 'ccodusu', 'row_index': 9, 'value': "'SISTEMAS'", 'error': "Campo 'ccodusu' excede longitud máxima (8/1)", 'max_length': 1, 'actual_length': 8, 'table': 'cf_diario', 'subcategoria_id': 4}, {'field': 'ccodsu', 'row_index': 9, 'value': "'14'", 'error': "Campo 'ccodsu' excede longitud máxima (2/1)", 'max_length': 1, 'actual_length': 2, 'table': 'cf_diario', 'subcategoria_id': 4}, {'field': 'cper', 'row_index': 10, 'value': "'2026'", 'error': "Campo 'cper' excede longitud máxima (4/1)", 'max_length': 1, 'actual_length': 4, 'table': 'cf_diario', 'subcategoria_id': 4}, {'field': 'cmes', 'row_index': 10, 'value': "'02'", 'error': "Campo 'cmes' excede longitud máxima (2/1)", 'max_length': 1, 'actual_length': 2, 'table': 'cf_diario', 'subcategoria_id': 4}, {'field': 'ccodori', 'row_index': 10, 'value': "'002'", 'error': "Campo 'ccodori' excede longitud máxima (3/1)", 'max_length': 1, 'actual_length': 3, 'table': 'cf_diario', 'subcategoria_id': 4}, {'field': 'ccodusu', 'row_index': 10, 'value': "'SISTEMAS'", 'error': "Campo 'ccodusu' excede longitud máxima (8/1)", 'max_length': 1, 'actual_length': 8, 'table': 'cf_diario', 'subcategoria_id': 4}, {'field': 'ccodsu', 'row_index': 10, 'value': "'14'", 'error': "Campo 'ccodsu' excede longitud máxima (2/1)", 'max_length': 1, 'actual_length': 2, 'table': 'cf_diario', 'subcategoria_id': 4}, {'field': 'cper', 'row_index': 11, 'value': "'2026'", 'error': "Campo 'cper' excede longitud máxima (4/1)", 'max_length': 1, 'actual_length': 4, 'table': 'cf_diario', 'subcategoria_id': 4}, {'field': 'cmes', 'row_index': 11, 'value': "'02'", 'error': "Campo 'cmes' excede longitud máxima (2/1)", 'max_length': 1, 'actual_length': 2, 'table': 'cf_diario', 'subcategoria_id': 4}, {'field': 'ccodori', 'row_index': 11, 'value': "'002'", 'error': "Campo 'ccodori' excede longitud máxima (3/1)", 'max_length': 1, 'actual_length': 3, 'table': 'cf_diario', 'subcategoria_id': 4}, {'field': 'ccodusu', 'row_index': 11, 'value': "'SISTEMAS'", 'error': "Campo 'ccodusu' excede longitud máxima (8/1)", 'max_length': 1, 'actual_length': 8, 'table': 'cf_diario', 'subcategoria_id': 4}, {'field': 'ccodsu', 'row_index': 11, 'value': "'14'", 'error': "Campo 'ccodsu' excede longitud máxima (2/1)", 'max_length': 1, 'actual_length': 2, 'table': 'cf_diario', 'subcategoria_id': 4}, {'field': 'cper', 'row_index': 12, 'value': "'2026'", 'error': "Campo 'cper' excede longitud máxima (4/1)", 'max_length': 1, 'actual_length': 4, 'table': 'cf_diario', 'subcategoria_id': 4}, {'field': 'cmes', 'row_index': 12, 'value': "'02'", 'error': "Campo 'cmes' excede longitud máxima (2/1)", 'max_length': 1, 'actual_length': 2, 'table': 'cf_diario', 'subcategoria_id': 4}, {'field': 'ccodori', 'row_index': 12, 'value': "'002'", 'error': "Campo 'ccodori' excede longitud máxima (3/1)", 'max_length': 1, 'actual_length': 3, 'table': 'cf_diario', 'subcategoria_id': 4}, {'field': 'ccodusu', 'row_index': 12, 'value': "'SISTEMAS'", 'error': "Campo 'ccodusu' excede longitud máxima (8/1)", 'max_length': 1, 'actual_length': 8, 'table': 'cf_diario', 'subcategoria_id': 4}, {'field': 'ccodsu', 'row_index': 12, 'value': "'14'", 'error': "Campo 'ccodsu' excede longitud máxima (2/1)", 'max_length': 1, 'actual_length': 2, 'table': 'cf_diario', 'subcategoria_id': 4}, {'field': 'cper', 'row_index': 13, 'value': "'2026'", 'error': "Campo 'cper' excede longitud máxima (4/1)", 'max_length': 1, 'actual_length': 4, 'table': 'cf_diario', 'subcategoria_id': 4}, {'field': 'cmes', 'row_index': 13, 'value': "'02'", 'error': "Campo 'cmes' excede longitud máxima (2/1)", 'max_length': 1, 'actual_length': 2, 'table': 'cf_diario', 'subcategoria_id': 4}, {'field': 'ccodori', 'row_index': 13, 'value': "'002'", 'error': "Campo 'ccodori' excede longitud máxima (3/1)", 'max_length': 1, 'actual_length': 3, 'table': 'cf_diario', 'subcategoria_id': 4}, {'field': 'ccodusu', 'row_index': 13, 'value': "'SISTEMAS'", 'error': "Campo 'ccodusu' excede longitud máxima (8/1)", 'max_length': 1, 'actual_length': 8, 'table': 'cf_diario', 'subcategoria_id': 4}, {'field': 'ccodsu', 'row_index': 13, 'value': "'14'", 'error': "Campo 'ccodsu' excede longitud máxima (2/1)", 'max_length': 1, 'actual_length': 2, 'table': 'cf_diario', 'subcategoria_id': 4}, {'field': 'cper', 'row_index': 14, 'value': "'2026'", 'error': "Campo 'cper' excede longitud máxima (4/1)", 'max_length': 1, 'actual_length': 4, 'table': 'cf_diario', 'subcategoria_id': 4}, {'field': 'cmes', 'row_index': 14, 'value': "'02'", 'error': "Campo 'cmes' excede longitud máxima (2/1)", 'max_length': 1, 'actual_length': 2, 'table': 'cf_diario', 'subcategoria_id': 4}, {'field': 'ccodori', 'row_index': 14, 'value': "'002'", 'error': "Campo 'ccodori' excede longitud máxima (3/1)", 'max_length': 1, 'actual_length': 3, 'table': 'cf_diario', 'subcategoria_id': 4}, {'field': 'ccodusu', 'row_index': 14, 'value': "'SISTEMAS'", 'error': "Campo 'ccodusu' excede longitud máxima (8/1)", 'max_length': 1, 'actual_length': 8, 'table': 'cf_diario', 'subcategoria_id': 4}, {'field': 'ccodsu', 'row_index': 14, 'value': "'14'", 'error': "Campo 'ccodsu' excede longitud máxima (2/1)", 'max_length': 1, 'actual_length': 2, 'table': 'cf_diario', 'subcategoria_id': 4}, {'field': 'cper', 'row_index': 15, 'value': "'2026'", 'error': "Campo 'cper' excede longitud máxima (4/1)", 'max_length': 1, 'actual_length': 4, 'table': 'cf_diario', 'subcategoria_id': 4}, {'field': 'cmes', 'row_index': 15, 'value': "'02'", 'error': "Campo 'cmes' excede longitud máxima (2/1)", 'max_length': 1, 'actual_length': 2, 'table': 'cf_diario', 'subcategoria_id': 4}, {'field': 'ccodori', 'row_index': 15, 'value': "'002'", 'error': "Campo 'ccodori' excede longitud máxima (3/1)", 'max_length': 1, 'actual_length': 3, 'table': 'cf_diario', 'subcategoria_id': 4}, {'field': 'ccodusu', 'row_index': 15, 'value': "'SISTEMAS'", 'error': "Campo 'ccodusu' excede longitud máxima (8/1)", 'max_length': 1, 'actual_length': 8, 'table': 'cf_diario', 'subcategoria_id': 4}, {'field': 'ccodsu', 'row_index': 15, 'value': "'14'", 'error': "Campo 'ccodsu' excede longitud máxima (2/1)", 'max_length': 1, 'actual_length': 2, 'table': 'cf_diario', 'subcategoria_id': 4}, {'field': 'cper', 'row_index': 16, 'value': "'2026'", 'error': "Campo 'cper' excede longitud máxima (4/1)", 'max_length': 1, 'actual_length': 4, 'table': 'cf_diario', 'subcategoria_id': 4}, {'field': 'cmes', 'row_index': 16, 'value': "'02'", 'error': "Campo 'cmes' excede longitud máxima (2/1)", 'max_length': 1, 'actual_length': 2, 'table': 'cf_diario', 'subcategoria_id': 4}, {'field': 'ccodori', 'row_index': 16, 'value': "'002'", 'error': "Campo 'ccodori' excede longitud máxima (3/1)", 'max_length': 1, 'actual_length': 3, 'table': 'cf_diario', 'subcategoria_id': 4}, {'field': 'ccodusu', 'row_index': 16, 'value': "'SISTEMAS'", 'error': "Campo 'ccodusu' excede longitud máxima (8/1)", 'max_length': 1, 'actual_length': 8, 'table': 'cf_diario', 'subcategoria_id': 4}, {'field': 'ccodsu', 'row_index': 16, 'value': "'14'", 'error': "Campo 'ccodsu' excede longitud máxima (2/1)", 'max_length': 1, 'actual_length': 2, 'table': 'cf_diario', 'subcategoria_id': 4}, {'field': 'cper', 'row_index': 17, 'value': "'2026'", 'error': "Campo 'cper' excede longitud máxima (4/1)", 'max_length': 1, 'actual_length': 4, 'table': 'cf_diario', 'subcategoria_id': 4}, {'field': 'cmes', 'row_index': 17, 'value': "'02'", 'error': "Campo 'cmes' excede longitud máxima (2/1)", 'max_length': 1, 'actual_length': 2, 'table': 'cf_diario', 'subcategoria_id': 4}, {'field': 'ccodori', 'row_index': 17, 'value': "'002'", 'error': "Campo 'ccodori' excede longitud máxima (3/1)", 'max_length': 1, 'actual_length': 3, 'table': 'cf_diario', 'subcategoria_id': 4}, {'field': 'ccodusu', 'row_index': 17, 'value': "'SISTEMAS'", 'error': "Campo 'ccodusu' excede longitud máxima (8/1)", 'max_length': 1, 'actual_length': 8, 'table': 'cf_diario', 'subcategoria_id': 4}, {'field': 'ccodsu', 'row_index': 17, 'value': "'14'", 'error': "Campo 'ccodsu' excede longitud máxima (2/1)", 'max_length': 1, 'actual_length': 2, 'table': 'cf_diario', 'subcategoria_id': 4}, {'field': 'cper', 'row_index': 18, 'value': "'2026'", 'error': "Campo 'cper' excede longitud máxima (4/1)", 'max_length': 1, 'actual_length': 4, 'table': 'cf_diario', 'subcategoria_id': 4}, {'field': 'cmes', 'row_index': 18, 'value': "'02'", 'error': "Campo 'cmes' excede longitud máxima (2/1)", 'max_length': 1, 'actual_length': 2, 'table': 'cf_diario', 'subcategoria_id': 4}, {'field': 'ccodori', 'row_index': 18, 'value': "'002'", 'error': "Campo 'ccodori' excede longitud máxima (3/1)", 'max_length': 1, 'actual_length': 3, 'table': 'cf_diario', 'subcategoria_id': 4}, {'field': 'ccodusu', 'row_index': 18, 'value': "'SISTEMAS'", 'error': "Campo 'ccodusu' excede longitud máxima (8/1)", 'max_length': 1, 'actual_length': 8, 'table': 'cf_diario', 'subcategoria_id': 4}, {'field': 'ccodsu', 'row_index': 18, 'value': "'14'", 'error': "Campo 'ccodsu' excede longitud máxima (2/1)", 'max_length': 1, 'actual_length': 2, 'table': 'cf_diario', 'subcategoria_id': 4}, {'field': 'cper', 'row_index': 19, 'value': "'2026'", 'error': "Campo 'cper' excede longitud máxima (4/1)", 'max_length': 1, 'actual_length': 4, 'table': 'cf_diario', 'subcategoria_id': 4}, {'field': 'cmes', 'row_index': 19, 'value': "'02'", 'error': "Campo 'cmes' excede longitud máxima (2/1)", 'max_length': 1, 'actual_length': 2, 'table': 'cf_diario', 'subcategoria_id': 4}, {'field': 'ccodori', 'row_index': 19, 'value': "'002'", 'error': "Campo 'ccodori' excede longitud máxima (3/1)", 'max_length': 1, 'actual_length': 3, 'table': 'cf_diario', 'subcategoria_id': 4}, {'field': 'ccodusu', 'row_index': 19, 'value': "'SISTEMAS'", 'error': "Campo 'ccodusu' excede longitud máxima (8/1)", 'max_length': 1, 'actual_length': 8, 'table': 'cf_diario', 'subcategoria_id': 4}, {'field': 'ccodsu', 'row_index': 19, 'value': "'14'", 'error': "Campo 'ccodsu' excede longitud máxima (2/1)", 'max_length': 1, 'actual_length': 2, 'table': 'cf_diario', 'subcategoria_id': 4}, {'field': 'cper', 'row_index': 20, 'value': "'2026'", 'error': "Campo 'cper' excede longitud máxima (4/1)", 'max_length': 1, 'actual_length': 4, 'table': 'cf_diario', 'subcategoria_id': 4}, {'field': 'cmes', 'row_index': 20, 'value': "'02'", 'error': "Campo 'cmes' excede longitud máxima (2/1)", 'max_length': 1, 'actual_length': 2, 'table': 'cf_diario', 'subcategoria_id': 4}, {'field': 'ccodori', 'row_index': 20, 'value': "'002'", 'error': "Campo 'ccodori' excede longitud máxima (3/1)", 'max_length': 1, 'actual_length': 3, 'table': 'cf_diario', 'subcategoria_id': 4}, {'field': 'ccodusu', 'row_index': 20, 'value': "'SISTEMAS'", 'error': "Campo 'ccodusu' excede longitud máxima (8/1)", 'max_length': 1, 'actual_length': 8, 'table': 'cf_diario', 'subcategoria_id': 4}, {'field': 'ccodsu', 'row_index': 20, 'value': "'14'", 'error': "Campo 'ccodsu' excede longitud máxima (2/1)", 'max_length': 1, 'actual_length': 2, 'table': 'cf_diario', 'subcategoria_id': 4}, {'field': 'cper', 'row_index': 21, 'value': "'2026'", 'error': "Campo 'cper' excede longitud máxima (4/1)", 'max_length': 1, 'actual_length': 4, 'table': 'cf_diario', 'subcategoria_id': 4}, {'field': 'cmes', 'row_index': 21, 'value': "'02'", 'error': "Campo 'cmes' excede longitud máxima (2/1)", 'max_length': 1, 'actual_length': 2, 'table': 'cf_diario', 'subcategoria_id': 4}, {'field': 'ccodori', 'row_index': 21, 'value': "'002'", 'error': "Campo 'ccodori' excede longitud máxima (3/1)", 'max_length': 1, 'actual_length': 3, 'table': 'cf_diario', 'subcategoria_id': 4}, {'field': 'ccodusu', 'row_index': 21, 'value': "'SISTEMAS'", 'error': "Campo 'ccodusu' excede longitud máxima (8/1)", 'max_length': 1, 'actual_length': 8, 'table': 'cf_diario', 'subcategoria_id': 4}, {'field': 'ccodsu', 'row_index': 21, 'value': "'14'", 'error': "Campo 'ccodsu' excede longitud máxima (2/1)", 'max_length': 1, 'actual_length': 2, 'table': 'cf_diario', 'subcategoria_id': 4}, {'field': 'cper', 'row_index': 22, 'value': "'2026'", 'error': "Campo 'cper' excede longitud máxima (4/1)", 'max_length': 1, 'actual_length': 4, 'table': 'cf_diario', 'subcategoria_id': 4}, {'field': 'cmes', 'row_index': 22, 'value': "'02'", 'error': "Campo 'cmes' excede longitud máxima (2/1)", 'max_length': 1, 'actual_length': 2, 'table': 'cf_diario', 'subcategoria_id': 4}, {'field': 'ccodori', 'row_index': 22, 'value': "'002'", 'error': "Campo 'ccodori' excede longitud máxima (3/1)", 'max_length': 1, 'actual_length': 3, 'table': 'cf_diario', 'subcategoria_id': 4}, {'field': 'ccodusu', 'row_index': 22, 'value': "'SISTEMAS'", 'error': "Campo 'ccodusu' excede longitud máxima (8/1)", 'max_length': 1, 'actual_length': 8, 'table': 'cf_diario', 'subcategoria_id': 4}, {'field': 'ccodsu', 'row_index': 22, 'value': "'14'", 'error': "Campo 'ccodsu' excede longitud máxima (2/1)", 'max_length': 1, 'actual_length': 2, 'table': 'cf_diario', 'subcategoria_id': 4}, {'field': 'cper', 'row_index': 23, 'value': "'2026'", 'error': "Campo 'cper' excede longitud máxima (4/1)", 'max_length': 1, 'actual_length': 4, 'table': 'cf_diario', 'subcategoria_id': 4}, {'field': 'cmes', 'row_index': 23, 'value': "'02'", 'error': "Campo 'cmes' excede longitud máxima (2/1)", 'max_length': 1, 'actual_length': 2, 'table': 'cf_diario', 'subcategoria_id': 4}, {'field': 'ccodori', 'row_index': 23, 'value': "'002'", 'error': "Campo 'ccodori' excede longitud máxima (3/1)", 'max_length': 1, 'actual_length': 3, 'table': 'cf_diario', 'subcategoria_id': 4}, {'field': 'ccodusu', 'row_index': 23, 'value': "'SISTEMAS'", 'error': "Campo 'ccodusu' excede longitud máxima (8/1)", 'max_length': 1, 'actual_length': 8, 'table': 'cf_diario', 'subcategoria_id': 4}, {'field': 'ccodsu', 'row_index': 23, 'value': "'14'", 'error': "Campo 'ccodsu' excede longitud máxima (2/1)", 'max_length': 1, 'actual_length': 2, 'table': 'cf_diario', 'subcategoria_id': 4}, {'field': 'cper', 'row_index': 24, 'value': "'2026'", 'error': "Campo 'cper' excede longitud máxima (4/1)", 'max_length': 1, 'actual_length': 4, 'table': 'cf_diario', 'subcategoria_id': 4}, {'field': 'cmes', 'row_index': 24, 'value': "'02'", 'error': "Campo 'cmes' excede longitud máxima (2/1)", 'max_length': 1, 'actual_length': 2, 'table': 'cf_diario', 'subcategoria_id': 4}, {'field': 'ccodori', 'row_index': 24, 'value': "'002'", 'error': "Campo 'ccodori' excede longitud máxima (3/1)", 'max_length': 1, 'actual_length': 3, 'table': 'cf_diario', 'subcategoria_id': 4}, {'field': 'ccodusu', 'row_index': 24, 'value': "'SISTEMAS'", 'error': "Campo 'ccodusu' excede longitud máxima (8/1)", 'max_length': 1, 'actual_length': 8, 'table': 'cf_diario', 'subcategoria_id': 4}, {'field': 'ccodsu', 'row_index': 24, 'value': "'14'", 'error': "Campo 'ccodsu' excede longitud máxima (2/1)", 'max_length': 1, 'actual_length': 2, 'table': 'cf_diario', 'subcategoria_id': 4}, {'field': 'cper', 'row_index': 25, 'value': "'2026'", 'error': "Campo 'cper' excede longitud máxima (4/1)", 'max_length': 1, 'actual_length': 4, 'table': 'cf_diario', 'subcategoria_id': 4}, {'field': 'cmes', 'row_index': 25, 'value': "'02'", 'error': "Campo 'cmes' excede longitud máxima (2/1)", 'max_length': 1, 'actual_length': 2, 'table': 'cf_diario', 'subcategoria_id': 4}, {'field': 'ccodori', 'row_index': 25, 'value': "'002'", 'error': "Campo 'ccodori' excede longitud máxima (3/1)", 'max_length': 1, 'actual_length': 3, 'table': 'cf_diario', 'subcategoria_id': 4}, {'field': 'ccodusu', 'row_index': 25, 'value': "'SISTEMAS'", 'error': "Campo 'ccodusu' excede longitud máxima (8/1)", 'max_length': 1, 'actual_length': 8, 'table': 'cf_diario', 'subcategoria_id': 4}, {'field': 'ccodsu', 'row_index': 25, 'value': "'14'", 'error': "Campo 'ccodsu' excede longitud máxima (2/1)", 'max_length': 1, 'actual_length': 2, 'table': 'cf_diario', 'subcategoria_id': 4}, {'field': 'cper', 'row_index': 26, 'value': "'2026'", 'error': "Campo 'cper' excede longitud máxima (4/1)", 'max_length': 1, 'actual_length': 4, 'table': 'cf_diario', 'subcategoria_id': 4}, {'field': 'cmes', 'row_index': 26, 'value': "'02'", 'error': "Campo 'cmes' excede longitud máxima (2/1)", 'max_length': 1, 'actual_length': 2, 'table': 'cf_diario', 'subcategoria_id': 4}, {'field': 'ccodori', 'row_index': 26, 'value': "'002'", 'error': "Campo 'ccodori' excede longitud máxima (3/1)", 'max_length': 1, 'actual_length': 3, 'table': 'cf_diario', 'subcategoria_id': 4}, {'field': 'ccodusu', 'row_index': 26, 'value': "'SISTEMAS'", 'error': "Campo 'ccodusu' excede longitud máxima (8/1)", 'max_length': 1, 'actual_length': 8, 'table': 'cf_diario', 'subcategoria_id': 4}, {'field': 'ccodsu', 'row_index': 26, 'value': "'14'", 'error': "Campo 'ccodsu' excede longitud máxima (2/1)", 'max_length': 1, 'actual_length': 2, 'table': 'cf_diario', 'subcategoria_id': 4}, {'field': 'cper', 'row_index': 27, 'value': "'2026'", 'error': "Campo 'cper' excede longitud máxima (4/1)", 'max_length': 1, 'actual_length': 4, 'table': 'cf_diario', 'subcategoria_id': 4}, {'field': 'cmes', 'row_index': 27, 'value': "'02'", 'error': "Campo 'cmes' excede longitud máxima (2/1)", 'max_length': 1, 'actual_length': 2, 'table': 'cf_diario', 'subcategoria_id': 4}, {'field': 'ccodori', 'row_index': 27, 'value': "'002'", 'error': "Campo 'ccodori' excede longitud máxima (3/1)", 'max_length': 1, 'actual_length': 3, 'table': 'cf_diario', 'subcategoria_id': 4}, {'field': 'ccodusu', 'row_index': 27, 'value': "'SISTEMAS'", 'error': "Campo 'ccodusu' excede longitud máxima (8/1)", 'max_length': 1, 'actual_length': 8, 'table': 'cf_diario', 'subcategoria_id': 4}, {'field': 'ccodsu', 'row_index': 27, 'value': "'14'", 'error': "Campo 'ccodsu' excede longitud máxima (2/1)", 'max_length': 1, 'actual_length': 2, 'table': 'cf_diario', 'subcategoria_id': 4}, {'field': 'cper', 'row_index': 28, 'value': "'2026'", 'error': "Campo 'cper' excede longitud máxima (4/1)", 'max_length': 1, 'actual_length': 4, 'table': 'cf_diario', 'subcategoria_id': 4}, {'field': 'cmes', 'row_index': 28, 'value': "'02'", 'error': "Campo 'cmes' excede longitud máxima (2/1)", 'max_length': 1, 'actual_length': 2, 'table': 'cf_diario', 'subcategoria_id': 4}, {'field': 'ccodori', 'row_index': 28, 'value': "'002'", 'error': "Campo 'ccodori' excede longitud máxima (3/1)", 'max_length': 1, 'actual_length': 3, 'table': 'cf_diario', 'subcategoria_id': 4}, {'field': 'ccodusu', 'row_index': 28, 'value': "'SISTEMAS'", 'error': "Campo 'ccodusu' excede longitud máxima (8/1)", 'max_length': 1, 'actual_length': 8, 'table': 'cf_diario', 'subcategoria_id': 4}, {'field': 'ccodsu', 'row_index': 28, 'value': "'14'", 'error': "Campo 'ccodsu' excede longitud máxima (2/1)", 'max_length': 1, 'actual_length': 2, 'table': 'cf_diario', 'subcategoria_id': 4}, {'field': 'cper', 'row_index': 29, 'value': "'2026'", 'error': "Campo 'cper' excede longitud máxima (4/1)", 'max_length': 1, 'actual_length': 4, 'table': 'cf_diario', 'subcategoria_id': 4}, {'field': 'cmes', 'row_index': 29, 'value': "'02'", 'error': "Campo 'cmes' excede longitud máxima (2/1)", 'max_length': 1, 'actual_length': 2, 'table': 'cf_diario', 'subcategoria_id': 4}, {'field': 'ccodori', 'row_index': 29, 'value': "'002'", 'error': "Campo 'ccodori' excede longitud máxima (3/1)", 'max_length': 1, 'actual_length': 3, 'table': 'cf_diario', 'subcategoria_id': 4}, {'field': 'ccodusu', 'row_index': 29, 'value': "'SISTEMAS'", 'error': "Campo 'ccodusu' excede longitud máxima (8/1)", 'max_length': 1, 'actual_length': 8, 'table': 'cf_diario', 'subcategoria_id': 4}, {'field': 'ccodsu', 'row_index': 29, 'value': "'14'", 'error': "Campo 'ccodsu' excede longitud máxima (2/1)", 'max_length': 1, 'actual_length': 2, 'table': 'cf_diario', 'subcategoria_id': 4}, {'field': 'cper', 'row_index': 30, 'value': "'2026'", 'error': "Campo 'cper' excede longitud máxima (4/1)", 'max_length': 1, 'actual_length': 4, 'table': 'cf_diario', 'subcategoria_id': 4}, {'field': 'cmes', 'row_index': 30, 'value': "'02'", 'error': "Campo 'cmes' excede longitud máxima (2/1)", 'max_length': 1, 'actual_length': 2, 'table': 'cf_diario', 'subcategoria_id': 4}, {'field': 'ccodori', 'row_index': 30, 'value': "'002'", 'error': "Campo 'ccodori' excede longitud máxima (3/1)", 'max_length': 1, 'actual_length': 3, 'table': 'cf_diario', 'subcategoria_id': 4}, {'field': 'ccodusu', 'row_index': 30, 'value': "'SISTEMAS'", 'error': "Campo 'ccodusu' excede longitud máxima (8/1)", 'max_length': 1, 'actual_length': 8, 'table': 'cf_diario', 'subcategoria_id': 4}, {'field': 'ccodsu', 'row_index': 30, 'value': "'14'", 'error': "Campo 'ccodsu' excede longitud máxima (2/1)", 'max_length': 1, 'actual_length': 2, 'table': 'cf_diario', 'subcategoria_id': 4}, {'field': 'cper', 'row_index': 31, 'value': "'2026'", 'error': "Campo 'cper' excede longitud máxima (4/1)", 'max_length': 1, 'actual_length': 4, 'table': 'cf_diario', 'subcategoria_id': 4}, {'field': 'cmes', 'row_index': 31, 'value': "'02'", 'error': "Campo 'cmes' excede longitud máxima (2/1)", 'max_length': 1, 'actual_length': 2, 'table': 'cf_diario', 'subcategoria_id': 4}, {'field': 'ccodori', 'row_index': 31, 'value': "'002'", 'error': "Campo 'ccodori' excede longitud máxima (3/1)", 'max_length': 1, 'actual_length': 3, 'table': 'cf_diario', 'subcategoria_id': 4}, {'field': 'ccodusu', 'row_index': 31, 'value': "'SISTEMAS'", 'error': "Campo 'ccodusu' excede longitud máxima (8/1)", 'max_length': 1, 'actual_length': 8, 'table': 'cf_diario', 'subcategoria_id': 4}, {'field': 'ccodsu', 'row_index': 31, 'value': "'14'", 'error': "Campo 'ccodsu' excede longitud máxima (2/1)", 'max_length': 1, 'actual_length': 2, 'table': 'cf_diario', 'subcategoria_id': 4}, {'field': 'cper', 'row_index': 32, 'value': "'2026'", 'error': "Campo 'cper' excede longitud máxima (4/1)", 'max_length': 1, 'actual_length': 4, 'table': 'cf_diario', 'subcategoria_id': 4}, {'field': 'cmes', 'row_index': 32, 'value': "'02'", 'error': "Campo 'cmes' excede longitud máxima (2/1)", 'max_length': 1, 'actual_length': 2, 'table': 'cf_diario', 'subcategoria_id': 4}, {'field': 'ccodori', 'row_index': 32, 'value': "'002'", 'error': "Campo 'ccodori' excede longitud máxima (3/1)", 'max_length': 1, 'actual_length': 3, 'table': 'cf_diario', 'subcategoria_id': 4}, {'field': 'ccodusu', 'row_index': 32, 'value': "'SISTEMAS'", 'error': "Campo 'ccodusu' excede longitud máxima (8/1)", 'max_length': 1, 'actual_length': 8, 'table': 'cf_diario', 'subcategoria_id': 4}, {'field': 'ccodsu', 'row_index': 32, 'value': "'14'", 'error': "Campo 'ccodsu' excede longitud máxima (2/1)", 'max_length': 1, 'actual_length': 2, 'table': 'cf_diario', 'subcategoria_id': 4}, {'field': 'cper', 'row_index': 33, 'value': "'2026'", 'error': "Campo 'cper' excede longitud máxima (4/1)", 'max_length': 1, 'actual_length': 4, 'table': 'cf_diario', 'subcategoria_id': 4}, {'field': 'cmes', 'row_index': 33, 'value': "'02'", 'error': "Campo 'cmes' excede longitud máxima (2/1)", 'max_length': 1, 'actual_length': 2, 'table': 'cf_diario', 'subcategoria_id': 4}, {'field': 'ccodori', 'row_index': 33, 'value': "'002'", 'error': "Campo 'ccodori' excede longitud máxima (3/1)", 'max_length': 1, 'actual_length': 3, 'table': 'cf_diario', 'subcategoria_id': 4}, {'field': 'ccodusu', 'row_index': 33, 'value': "'SISTEMAS'", 'error': "Campo 'ccodusu' excede longitud máxima (8/1)", 'max_length': 1, 'actual_length': 8, 'table': 'cf_diario', 'subcategoria_id': 4}, {'field': 'ccodsu', 'row_index': 33, 'value': "'14'", 'error': "Campo 'ccodsu' excede longitud máxima (2/1)", 'max_length': 1, 'actual_length': 2, 'table': 'cf_diario', 'subcategoria_id': 4}, {'field': 'cper', 'row_index': 34, 'value': "'2026'", 'error': "Campo 'cper' excede longitud máxima (4/1)", 'max_length': 1, 'actual_length': 4, 'table': 'cf_diario', 'subcategoria_id': 4}, {'field': 'cmes', 'row_index': 34, 'value': "'02'", 'error': "Campo 'cmes' excede longitud máxima (2/1)", 'max_length': 1, 'actual_length': 2, 'table': 'cf_diario', 'subcategoria_id': 4}, {'field': 'ccodori', 'row_index': 34, 'value': "'002'", 'error': "Campo 'ccodori' excede longitud máxima (3/1)", 'max_length': 1, 'actual_length': 3, 'table': 'cf_diario', 'subcategoria_id': 4}, {'field': 'ccodusu', 'row_index': 34, 'value': "'SISTEMAS'", 'error': "Campo 'ccodusu' excede longitud máxima (8/1)", 'max_length': 1, 'actual_length': 8, 'table': 'cf_diario', 'subcategoria_id': 4}, {'field': 'ccodsu', 'row_index': 34, 'value': "'14'", 'error': "Campo 'ccodsu' excede longitud máxima (2/1)", 'max_length': 1, 'actual_length': 2, 'table': 'cf_diario', 'subcategoria_id': 4}, {'field': 'cper', 'row_index': 35, 'value': "'2026'", 'error': "Campo 'cper' excede longitud máxima (4/1)", 'max_length': 1, 'actual_length': 4, 'table': 'cf_diario', 'subcategoria_id': 4}, {'field': 'cmes', 'row_index': 35, 'value': "'02'", 'error': "Campo 'cmes' excede longitud máxima (2/1)", 'max_length': 1, 'actual_length': 2, 'table': 'cf_diario', 'subcategoria_id': 4}, {'field': 'ccodori', 'row_index': 35, 'value': "'002'", 'error': "Campo 'ccodori' excede longitud máxima (3/1)", 'max_length': 1, 'actual_length': 3, 'table': 'cf_diario', 'subcategoria_id': 4}, {'field': 'ccodusu', 'row_index': 35, 'value': "'SISTEMAS'", 'error': "Campo 'ccodusu' excede longitud máxima (8/1)", 'max_length': 1, 'actual_length': 8, 'table': 'cf_diario', 'subcategoria_id': 4}, {'field': 'ccodsu', 'row_index': 35, 'value': "'14'", 'error': "Campo 'ccodsu' excede longitud máxima (2/1)", 'max_length': 1, 'actual_length': 2, 'table': 'cf_diario', 'subcategoria_id': 4}, {'field': 'cper', 'row_index': 36, 'value': "'2026'", 'error': "Campo 'cper' excede longitud máxima (4/1)", 'max_length': 1, 'actual_length': 4, 'table': 'cf_diario', 'subcategoria_id': 4}, {'field': 'cmes', 'row_index': 36, 'value': "'02'", 'error': "Campo 'cmes' excede longitud máxima (2/1)", 'max_length': 1, 'actual_length': 2, 'table': 'cf_diario', 'subcategoria_id': 4}, {'field': 'ccodori', 'row_index': 36, 'value': "'002'", 'error': "Campo 'ccodori' excede longitud máxima (3/1)", 'max_length': 1, 'actual_length': 3, 'table': 'cf_diario', 'subcategoria_id': 4}, {'field': 'ccodusu', 'row_index': 36, 'value': "'SISTEMAS'", 'error': "Campo 'ccodusu' excede longitud máxima (8/1)", 'max_length': 1, 'actual_length': 8, 'table': 'cf_diario', 'subcategoria_id': 4}, {'field': 'ccodsu', 'row_index': 36, 'value': "'14'", 'error': "Campo 'ccodsu' excede longitud máxima (2/1)", 'max_length': 1, 'actual_length': 2, 'table': 'cf_diario', 'subcategoria_id': 4}, {'field': 'cper', 'row_index': 37, 'value': "'2026'", 'error': "Campo 'cper' excede longitud máxima (4/1)", 'max_length': 1, 'actual_length': 4, 'table': 'cf_diario', 'subcategoria_id': 4}, {'field': 'cmes', 'row_index': 37, 'value': "'02'", 'error': "Campo 'cmes' excede longitud máxima (2/1)", 'max_length': 1, 'actual_length': 2, 'table': 'cf_diario', 'subcategoria_id': 4}, {'field': 'ccodori', 'row_index': 37, 'value': "'002'", 'error': "Campo 'ccodori' excede longitud máxima (3/1)", 'max_length': 1, 'actual_length': 3, 'table': 'cf_diario', 'subcategoria_id': 4}, {'field': 'ccodusu', 'row_index': 37, 'value': "'SISTEMAS'", 'error': "Campo 'ccodusu' excede longitud máxima (8/1)", 'max_length': 1, 'actual_length': 8, 'table': 'cf_diario', 'subcategoria_id': 4}, {'field': 'ccodsu', 'row_index': 37, 'value': "'14'", 'error': "Campo 'ccodsu' excede longitud máxima (2/1)", 'max_length': 1, 'actual_length': 2, 'table': 'cf_diario', 'subcategoria_id': 4}, {'field': 'cper', 'row_index': 38, 'value': "'2026'", 'error': "Campo 'cper' excede longitud máxima (4/1)", 'max_length': 1, 'actual_length': 4, 'table': 'cf_diario', 'subcategoria_id': 4}, {'field': 'cmes', 'row_index': 38, 'value': "'02'", 'error': "Campo 'cmes' excede longitud máxima (2/1)", 'max_length': 1, 'actual_length': 2, 'table': 'cf_diario', 'subcategoria_id': 4}, {'field': 'ccodori', 'row_index': 38, 'value': "'002'", 'error': "Campo 'ccodori' excede longitud máxima (3/1)", 'max_length': 1, 'actual_length': 3, 'table': 'cf_diario', 'subcategoria_id': 4}, {'field': 'ccodusu', 'row_index': 38, 'value': "'SISTEMAS'", 'error': "Campo 'ccodusu' excede longitud máxima (8/1)", 'max_length': 1, 'actual_length': 8, 'table': 'cf_diario', 'subcategoria_id': 4}, {'field': 'ccodsu', 'row_index': 38, 'value': "'14'", 'error': "Campo 'ccodsu' excede longitud máxima (2/1)", 'max_length': 1, 'actual_length': 2, 'table': 'cf_diario', 'subcategoria_id': 4}, {'field': 'cper', 'row_index': 39, 'value': "'2026'", 'error': "Campo 'cper' excede longitud máxima (4/1)", 'max_length': 1, 'actual_length': 4, 'table': 'cf_diario', 'subcategoria_id': 4}, {'field': 'cmes', 'row_index': 39, 'value': "'02'", 'error': "Campo 'cmes' excede longitud máxima (2/1)", 'max_length': 1, 'actual_length': 2, 'table': 'cf_diario', 'subcategoria_id': 4}, {'field': 'ccodori', 'row_index': 39, 'value': "'002'", 'error': "Campo 'ccodori' excede longitud máxima (3/1)", 'max_length': 1, 'actual_length': 3, 'table': 'cf_diario', 'subcategoria_id': 4}, {'field': 'ccodusu', 'row_index': 39, 'value': "'SISTEMAS'", 'error': "Campo 'ccodusu' excede longitud máxima (8/1)", 'max_length': 1, 'actual_length': 8, 'table': 'cf_diario', 'subcategoria_id': 4}, {'field': 'ccodsu', 'row_index': 39, 'value': "'14'", 'error': "Campo 'ccodsu' excede longitud máxima (2/1)", 'max_length': 1, 'actual_length': 2, 'table': 'cf_diario', 'subcategoria_id': 4}]}

2026-03-01 17:54:50.326227 | generate_to_cf_diariol CALLED: body={'company_id': 1, 'clear_previous': True}
2026-03-01 17:54:50.327461 | subcategoria_id=None (raw=None), company_id=1, clear=True
2026-03-01 17:54:50.347421 | subs_to_process count = 1: [4]
2026-03-01 17:54:50.825763 | FATAL ERROR in generate_to_cf_diariol: 422: {'message': 'Errores de validación en cabecera (Registro de Ventas)', 'errors': [{'field': 'cper', 'row_index': 0, 'value': "'2026'", 'error': "Campo 'cper' excede longitud máxima (4/1)", 'max_length': 1, 'actual_length': 4, 'table': 'cf_diario', 'subcategoria_id': 4}, {'field': 'cmes', 'row_index': 0, 'value': "'02'", 'error': "Campo 'cmes' excede longitud máxima (2/1)", 'max_length': 1, 'actual_length': 2, 'table': 'cf_diario', 'subcategoria_id': 4}, {'field': 'ccodori', 'row_index': 0, 'value': "'002'", 'error': "Campo 'ccodori' excede longitud máxima (3/1)", 'max_length': 1, 'actual_length': 3, 'table': 'cf_diario', 'subcategoria_id': 4}, {'field': 'ccodusu', 'row_index': 0, 'value': "'SISTEMAS'", 'error': "Campo 'ccodusu' excede longitud máxima (8/1)", 'max_length': 1, 'actual_length': 8, 'table': 'cf_diario', 'subcategoria_id': 4}, {'field': 'ccodsu', 'row_index': 0, 'value': "'14'", 'error': "Campo 'ccodsu' excede longitud máxima (2/1)", 'max_length': 1, 'actual_length': 2, 'table': 'cf_diario', 'subcategoria_id': 4}, {'field': 'cper', 'row_index': 1, 'value': "'2026'", 'error': "Campo 'cper' excede longitud máxima (4/1)", 'max_length': 1, 'actual_length': 4, 'table': 'cf_diario', 'subcategoria_id': 4}, {'field': 'cmes', 'row_index': 1, 'value': "'02'", 'error': "Campo 'cmes' excede longitud máxima (2/1)", 'max_length': 1, 'actual_length': 2, 'table': 'cf_diario', 'subcategoria_id': 4}, {'field': 'ccodori', 'row_index': 1, 'value': "'002'", 'error': "Campo 'ccodori' excede longitud máxima (3/1)", 'max_length': 1, 'actual_length': 3, 'table': 'cf_diario', 'subcategoria_id': 4}, {'field': 'ccodusu', 'row_index': 1, 'value': "'SISTEMAS'", 'error': "Campo 'ccodusu' excede longitud máxima (8/1)", 'max_length': 1, 'actual_length': 8, 'table': 'cf_diario', 'subcategoria_id': 4}, {'field': 'ccodsu', 'row_index': 1, 'value': "'14'", 'error': "Campo 'ccodsu' excede longitud máxima (2/1)", 'max_length': 1, 'actual_length': 2, 'table': 'cf_diario', 'subcategoria_id': 4}, {'field': 'cper', 'row_index': 2, 'value': "'2026'", 'error': "Campo 'cper' excede longitud máxima (4/1)", 'max_length': 1, 'actual_length': 4, 'table': 'cf_diario', 'subcategoria_id': 4}, {'field': 'cmes', 'row_index': 2, 'value': "'02'", 'error': "Campo 'cmes' excede longitud máxima (2/1)", 'max_length': 1, 'actual_length': 2, 'table': 'cf_diario', 'subcategoria_id': 4}, {'field': 'ccodori', 'row_index': 2, 'value': "'002'", 'error': "Campo 'ccodori' excede longitud máxima (3/1)", 'max_length': 1, 'actual_length': 3, 'table': 'cf_diario', 'subcategoria_id': 4}, {'field': 'ccodusu', 'row_index': 2, 'value': "'SISTEMAS'", 'error': "Campo 'ccodusu' excede longitud máxima (8/1)", 'max_length': 1, 'actual_length': 8, 'table': 'cf_diario', 'subcategoria_id': 4}, {'field': 'ccodsu', 'row_index': 2, 'value': "'14'", 'error': "Campo 'ccodsu' excede longitud máxima (2/1)", 'max_length': 1, 'actual_length': 2, 'table': 'cf_diario', 'subcategoria_id': 4}, {'field': 'cper', 'row_index': 3, 'value': "'2026'", 'error': "Campo 'cper' excede longitud máxima (4/1)", 'max_length': 1, 'actual_length': 4, 'table': 'cf_diario', 'subcategoria_id': 4}, {'field': 'cmes', 'row_index': 3, 'value': "'02'", 'error': "Campo 'cmes' excede longitud máxima (2/1)", 'max_length': 1, 'actual_length': 2, 'table': 'cf_diario', 'subcategoria_id': 4}, {'field': 'ccodori', 'row_index': 3, 'value': "'002'", 'error': "Campo 'ccodori' excede longitud máxima (3/1)", 'max_length': 1, 'actual_length': 3, 'table': 'cf_diario', 'subcategoria_id': 4}, {'field': 'ccodusu', 'row_index': 3, 'value': "'SISTEMAS'", 'error': "Campo 'ccodusu' excede longitud máxima (8/1)", 'max_length': 1, 'actual_length': 8, 'table': 'cf_diario', 'subcategoria_id': 4}, {'field': 'ccodsu', 'row_index': 3, 'value': "'14'", 'error': "Campo 'ccodsu' excede longitud máxima (2/1)", 'max_length': 1, 'actual_length': 2, 'table': 'cf_diario', 'subcategoria_id': 4}, {'field': 'cper', 'row_index': 4, 'value': "'2026'", 'error': "Campo 'cper' excede longitud máxima (4/1)", 'max_length': 1, 'actual_length': 4, 'table': 'cf_diario', 'subcategoria_id': 4}, {'field': 'cmes', 'row_index': 4, 'value': "'02'", 'error': "Campo 'cmes' excede longitud máxima (2/1)", 'max_length': 1, 'actual_length': 2, 'table': 'cf_diario', 'subcategoria_id': 4}, {'field': 'ccodori', 'row_index': 4, 'value': "'002'", 'error': "Campo 'ccodori' excede longitud máxima (3/1)", 'max_length': 1, 'actual_length': 3, 'table': 'cf_diario', 'subcategoria_id': 4}, {'field': 'ccodusu', 'row_index': 4, 'value': "'SISTEMAS'", 'error': "Campo 'ccodusu' excede longitud máxima (8/1)", 'max_length': 1, 'actual_length': 8, 'table': 'cf_diario', 'subcategoria_id': 4}, {'field': 'ccodsu', 'row_index': 4, 'value': "'14'", 'error': "Campo 'ccodsu' excede longitud máxima (2/1)", 'max_length': 1, 'actual_length': 2, 'table': 'cf_diario', 'subcategoria_id': 4}, {'field': 'cper', 'row_index': 5, 'value': "'2026'", 'error': "Campo 'cper' excede longitud máxima (4/1)", 'max_length': 1, 'actual_length': 4, 'table': 'cf_diario', 'subcategoria_id': 4}, {'field': 'cmes', 'row_index': 5, 'value': "'02'", 'error': "Campo 'cmes' excede longitud máxima (2/1)", 'max_length': 1, 'actual_length': 2, 'table': 'cf_diario', 'subcategoria_id': 4}, {'field': 'ccodori', 'row_index': 5, 'value': "'002'", 'error': "Campo 'ccodori' excede longitud máxima (3/1)", 'max_length': 1, 'actual_length': 3, 'table': 'cf_diario', 'subcategoria_id': 4}, {'field': 'ccodusu', 'row_index': 5, 'value': "'SISTEMAS'", 'error': "Campo 'ccodusu' excede longitud máxima (8/1)", 'max_length': 1, 'actual_length': 8, 'table': 'cf_diario', 'subcategoria_id': 4}, {'field': 'ccodsu', 'row_index': 5, 'value': "'14'", 'error': "Campo 'ccodsu' excede longitud máxima (2/1)", 'max_length': 1, 'actual_length': 2, 'table': 'cf_diario', 'subcategoria_id': 4}, {'field': 'cper', 'row_index': 6, 'value': "'2026'", 'error': "Campo 'cper' excede longitud máxima (4/1)", 'max_length': 1, 'actual_length': 4, 'table': 'cf_diario', 'subcategoria_id': 4}, {'field': 'cmes', 'row_index': 6, 'value': "'02'", 'error': "Campo 'cmes' excede longitud máxima (2/1)", 'max_length': 1, 'actual_length': 2, 'table': 'cf_diario', 'subcategoria_id': 4}, {'field': 'ccodori', 'row_index': 6, 'value': "'002'", 'error': "Campo 'ccodori' excede longitud máxima (3/1)", 'max_length': 1, 'actual_length': 3, 'table': 'cf_diario', 'subcategoria_id': 4}, {'field': 'ccodusu', 'row_index': 6, 'value': "'SISTEMAS'", 'error': "Campo 'ccodusu' excede longitud máxima (8/1)", 'max_length': 1, 'actual_length': 8, 'table': 'cf_diario', 'subcategoria_id': 4}, {'field': 'ccodsu', 'row_index': 6, 'value': "'14'", 'error': "Campo 'ccodsu' excede longitud máxima (2/1)", 'max_length': 1, 'actual_length': 2, 'table': 'cf_diario', 'subcategoria_id': 4}, {'field': 'cper', 'row_index': 7, 'value': "'2026'", 'error': "Campo 'cper' excede longitud máxima (4/1)", 'max_length': 1, 'actual_length': 4, 'table': 'cf_diario', 'subcategoria_id': 4}, {'field': 'cmes', 'row_index': 7, 'value': "'02'", 'error': "Campo 'cmes' excede longitud máxima (2/1)", 'max_length': 1, 'actual_length': 2, 'table': 'cf_diario', 'subcategoria_id': 4}, {'field': 'ccodori', 'row_index': 7, 'value': "'002'", 'error': "Campo 'ccodori' excede longitud máxima (3/1)", 'max_length': 1, 'actual_length': 3, 'table': 'cf_diario', 'subcategoria_id': 4}, {'field': 'ccodusu', 'row_index': 7, 'value': "'SISTEMAS'", 'error': "Campo 'ccodusu' excede longitud máxima (8/1)", 'max_length': 1, 'actual_length': 8, 'table': 'cf_diario', 'subcategoria_id': 4}, {'field': 'ccodsu', 'row_index': 7, 'value': "'14'", 'error': "Campo 'ccodsu' excede longitud máxima (2/1)", 'max_length': 1, 'actual_length': 2, 'table': 'cf_diario', 'subcategoria_id': 4}, {'field': 'cper', 'row_index': 8, 'value': "'2026'", 'error': "Campo 'cper' excede longitud máxima (4/1)", 'max_length': 1, 'actual_length': 4, 'table': 'cf_diario', 'subcategoria_id': 4}, {'field': 'cmes', 'row_index': 8, 'value': "'02'", 'error': "Campo 'cmes' excede longitud máxima (2/1)", 'max_length': 1, 'actual_length': 2, 'table': 'cf_diario', 'subcategoria_id': 4}, {'field': 'ccodori', 'row_index': 8, 'value': "'002'", 'error': "Campo 'ccodori' excede longitud máxima (3/1)", 'max_length': 1, 'actual_length': 3, 'table': 'cf_diario', 'subcategoria_id': 4}, {'field': 'ccodusu', 'row_index': 8, 'value': "'SISTEMAS'", 'error': "Campo 'ccodusu' excede longitud máxima (8/1)", 'max_length': 1, 'actual_length': 8, 'table': 'cf_diario', 'subcategoria_id': 4}, {'field': 'ccodsu', 'row_index': 8, 'value': "'14'", 'error': "Campo 'ccodsu' excede longitud máxima (2/1)", 'max_length': 1, 'actual_length': 2, 'table': 'cf_diario', 'subcategoria_id': 4}, {'field': 'cper', 'row_index': 9, 'value': "'2026'", 'error': "Campo 'cper' excede longitud máxima (4/1)", 'max_length': 1, 'actual_length': 4, 'table': 'cf_diario', 'subcategoria_id': 4}, {'field': 'cmes', 'row_index': 9, 'value': "'02'", 'error': "Campo 'cmes' excede longitud máxima (2/1)", 'max_length': 1, 'actual_length': 2, 'table': 'cf_diario', 'subcategoria_id': 4}, {'field': 'ccodori', 'row_index': 9, 'value': "'002'", 'error': "Campo 'ccodori' excede longitud máxima (3/1)", 'max_length': 1, 'actual_length': 3, 'table': 'cf_diario', 'subcategoria_id': 4}, {'field': 'ccodusu', 'row_index': 9, 'value': "'SISTEMAS'", 'error': "Campo 'ccodusu' excede longitud máxima (8/1)", 'max_length': 1, 'actual_length': 8, 'table': 'cf_diario', 'subcategoria_id': 4}, {'field': 'ccodsu', 'row_index': 9, 'value': "'14'", 'error': "Campo 'ccodsu' excede longitud máxima (2/1)", 'max_length': 1, 'actual_length': 2, 'table': 'cf_diario', 'subcategoria_id': 4}, {'field': 'cper', 'row_index': 10, 'value': "'2026'", 'error': "Campo 'cper' excede longitud máxima (4/1)", 'max_length': 1, 'actual_length': 4, 'table': 'cf_diario', 'subcategoria_id': 4}, {'field': 'cmes', 'row_index': 10, 'value': "'02'", 'error': "Campo 'cmes' excede longitud máxima (2/1)", 'max_length': 1, 'actual_length': 2, 'table': 'cf_diario', 'subcategoria_id': 4}, {'field': 'ccodori', 'row_index': 10, 'value': "'002'", 'error': "Campo 'ccodori' excede longitud máxima (3/1)", 'max_length': 1, 'actual_length': 3, 'table': 'cf_diario', 'subcategoria_id': 4}, {'field': 'ccodusu', 'row_index': 10, 'value': "'SISTEMAS'", 'error': "Campo 'ccodusu' excede longitud máxima (8/1)", 'max_length': 1, 'actual_length': 8, 'table': 'cf_diario', 'subcategoria_id': 4}, {'field': 'ccodsu', 'row_index': 10, 'value': "'14'", 'error': "Campo 'ccodsu' excede longitud máxima (2/1)", 'max_length': 1, 'actual_length': 2, 'table': 'cf_diario', 'subcategoria_id': 4}, {'field': 'cper', 'row_index': 11, 'value': "'2026'", 'error': "Campo 'cper' excede longitud máxima (4/1)", 'max_length': 1, 'actual_length': 4, 'table': 'cf_diario', 'subcategoria_id': 4}, {'field': 'cmes', 'row_index': 11, 'value': "'02'", 'error': "Campo 'cmes' excede longitud máxima (2/1)", 'max_length': 1, 'actual_length': 2, 'table': 'cf_diario', 'subcategoria_id': 4}, {'field': 'ccodori', 'row_index': 11, 'value': "'002'", 'error': "Campo 'ccodori' excede longitud máxima (3/1)", 'max_length': 1, 'actual_length': 3, 'table': 'cf_diario', 'subcategoria_id': 4}, {'field': 'ccodusu', 'row_index': 11, 'value': "'SISTEMAS'", 'error': "Campo 'ccodusu' excede longitud máxima (8/1)", 'max_length': 1, 'actual_length': 8, 'table': 'cf_diario', 'subcategoria_id': 4}, {'field': 'ccodsu', 'row_index': 11, 'value': "'14'", 'error': "Campo 'ccodsu' excede longitud máxima (2/1)", 'max_length': 1, 'actual_length': 2, 'table': 'cf_diario', 'subcategoria_id': 4}, {'field': 'cper', 'row_index': 12, 'value': "'2026'", 'error': "Campo 'cper' excede longitud máxima (4/1)", 'max_length': 1, 'actual_length': 4, 'table': 'cf_diario', 'subcategoria_id': 4}, {'field': 'cmes', 'row_index': 12, 'value': "'02'", 'error': "Campo 'cmes' excede longitud máxima (2/1)", 'max_length': 1, 'actual_length': 2, 'table': 'cf_diario', 'subcategoria_id': 4}, {'field': 'ccodori', 'row_index': 12, 'value': "'002'", 'error': "Campo 'ccodori' excede longitud máxima (3/1)", 'max_length': 1, 'actual_length': 3, 'table': 'cf_diario', 'subcategoria_id': 4}, {'field': 'ccodusu', 'row_index': 12, 'value': "'SISTEMAS'", 'error': "Campo 'ccodusu' excede longitud máxima (8/1)", 'max_length': 1, 'actual_length': 8, 'table': 'cf_diario', 'subcategoria_id': 4}, {'field': 'ccodsu', 'row_index': 12, 'value': "'14'", 'error': "Campo 'ccodsu' excede longitud máxima (2/1)", 'max_length': 1, 'actual_length': 2, 'table': 'cf_diario', 'subcategoria_id': 4}, {'field': 'cper', 'row_index': 13, 'value': "'2026'", 'error': "Campo 'cper' excede longitud máxima (4/1)", 'max_length': 1, 'actual_length': 4, 'table': 'cf_diario', 'subcategoria_id': 4}, {'field': 'cmes', 'row_index': 13, 'value': "'02'", 'error': "Campo 'cmes' excede longitud máxima (2/1)", 'max_length': 1, 'actual_length': 2, 'table': 'cf_diario', 'subcategoria_id': 4}, {'field': 'ccodori', 'row_index': 13, 'value': "'002'", 'error': "Campo 'ccodori' excede longitud máxima (3/1)", 'max_length': 1, 'actual_length': 3, 'table': 'cf_diario', 'subcategoria_id': 4}, {'field': 'ccodusu', 'row_index': 13, 'value': "'SISTEMAS'", 'error': "Campo 'ccodusu' excede longitud máxima (8/1)", 'max_length': 1, 'actual_length': 8, 'table': 'cf_diario', 'subcategoria_id': 4}, {'field': 'ccodsu', 'row_index': 13, 'value': "'14'", 'error': "Campo 'ccodsu' excede longitud máxima (2/1)", 'max_length': 1, 'actual_length': 2, 'table': 'cf_diario', 'subcategoria_id': 4}, {'field': 'cper', 'row_index': 14, 'value': "'2026'", 'error': "Campo 'cper' excede longitud máxima (4/1)", 'max_length': 1, 'actual_length': 4, 'table': 'cf_diario', 'subcategoria_id': 4}, {'field': 'cmes', 'row_index': 14, 'value': "'02'", 'error': "Campo 'cmes' excede longitud máxima (2/1)", 'max_length': 1, 'actual_length': 2, 'table': 'cf_diario', 'subcategoria_id': 4}, {'field': 'ccodori', 'row_index': 14, 'value': "'002'", 'error': "Campo 'ccodori' excede longitud máxima (3/1)", 'max_length': 1, 'actual_length': 3, 'table': 'cf_diario', 'subcategoria_id': 4}, {'field': 'ccodusu', 'row_index': 14, 'value': "'SISTEMAS'", 'error': "Campo 'ccodusu' excede longitud máxima (8/1)", 'max_length': 1, 'actual_length': 8, 'table': 'cf_diario', 'subcategoria_id': 4}, {'field': 'ccodsu', 'row_index': 14, 'value': "'14'", 'error': "Campo 'ccodsu' excede longitud máxima (2/1)", 'max_length': 1, 'actual_length': 2, 'table': 'cf_diario', 'subcategoria_id': 4}, {'field': 'cper', 'row_index': 15, 'value': "'2026'", 'error': "Campo 'cper' excede longitud máxima (4/1)", 'max_length': 1, 'actual_length': 4, 'table': 'cf_diario', 'subcategoria_id': 4}, {'field': 'cmes', 'row_index': 15, 'value': "'02'", 'error': "Campo 'cmes' excede longitud máxima (2/1)", 'max_length': 1, 'actual_length': 2, 'table': 'cf_diario', 'subcategoria_id': 4}, {'field': 'ccodori', 'row_index': 15, 'value': "'002'", 'error': "Campo 'ccodori' excede longitud máxima (3/1)", 'max_length': 1, 'actual_length': 3, 'table': 'cf_diario', 'subcategoria_id': 4}, {'field': 'ccodusu', 'row_index': 15, 'value': "'SISTEMAS'", 'error': "Campo 'ccodusu' excede longitud máxima (8/1)", 'max_length': 1, 'actual_length': 8, 'table': 'cf_diario', 'subcategoria_id': 4}, {'field': 'ccodsu', 'row_index': 15, 'value': "'14'", 'error': "Campo 'ccodsu' excede longitud máxima (2/1)", 'max_length': 1, 'actual_length': 2, 'table': 'cf_diario', 'subcategoria_id': 4}, {'field': 'cper', 'row_index': 16, 'value': "'2026'", 'error': "Campo 'cper' excede longitud máxima (4/1)", 'max_length': 1, 'actual_length': 4, 'table': 'cf_diario', 'subcategoria_id': 4}, {'field': 'cmes', 'row_index': 16, 'value': "'02'", 'error': "Campo 'cmes' excede longitud máxima (2/1)", 'max_length': 1, 'actual_length': 2, 'table': 'cf_diario', 'subcategoria_id': 4}, {'field': 'ccodori', 'row_index': 16, 'value': "'002'", 'error': "Campo 'ccodori' excede longitud máxima (3/1)", 'max_length': 1, 'actual_length': 3, 'table': 'cf_diario', 'subcategoria_id': 4}, {'field': 'ccodusu', 'row_index': 16, 'value': "'SISTEMAS'", 'error': "Campo 'ccodusu' excede longitud máxima (8/1)", 'max_length': 1, 'actual_length': 8, 'table': 'cf_diario', 'subcategoria_id': 4}, {'field': 'ccodsu', 'row_index': 16, 'value': "'14'", 'error': "Campo 'ccodsu' excede longitud máxima (2/1)", 'max_length': 1, 'actual_length': 2, 'table': 'cf_diario', 'subcategoria_id': 4}, {'field': 'cper', 'row_index': 17, 'value': "'2026'", 'error': "Campo 'cper' excede longitud máxima (4/1)", 'max_length': 1, 'actual_length': 4, 'table': 'cf_diario', 'subcategoria_id': 4}, {'field': 'cmes', 'row_index': 17, 'value': "'02'", 'error': "Campo 'cmes' excede longitud máxima (2/1)", 'max_length': 1, 'actual_length': 2, 'table': 'cf_diario', 'subcategoria_id': 4}, {'field': 'ccodori', 'row_index': 17, 'value': "'002'", 'error': "Campo 'ccodori' excede longitud máxima (3/1)", 'max_length': 1, 'actual_length': 3, 'table': 'cf_diario', 'subcategoria_id': 4}, {'field': 'ccodusu', 'row_index': 17, 'value': "'SISTEMAS'", 'error': "Campo 'ccodusu' excede longitud máxima (8/1)", 'max_length': 1, 'actual_length': 8, 'table': 'cf_diario', 'subcategoria_id': 4}, {'field': 'ccodsu', 'row_index': 17, 'value': "'14'", 'error': "Campo 'ccodsu' excede longitud máxima (2/1)", 'max_length': 1, 'actual_length': 2, 'table': 'cf_diario', 'subcategoria_id': 4}, {'field': 'cper', 'row_index': 18, 'value': "'2026'", 'error': "Campo 'cper' excede longitud máxima (4/1)", 'max_length': 1, 'actual_length': 4, 'table': 'cf_diario', 'subcategoria_id': 4}, {'field': 'cmes', 'row_index': 18, 'value': "'02'", 'error': "Campo 'cmes' excede longitud máxima (2/1)", 'max_length': 1, 'actual_length': 2, 'table': 'cf_diario', 'subcategoria_id': 4}, {'field': 'ccodori', 'row_index': 18, 'value': "'002'", 'error': "Campo 'ccodori' excede longitud máxima (3/1)", 'max_length': 1, 'actual_length': 3, 'table': 'cf_diario', 'subcategoria_id': 4}, {'field': 'ccodusu', 'row_index': 18, 'value': "'SISTEMAS'", 'error': "Campo 'ccodusu' excede longitud máxima (8/1)", 'max_length': 1, 'actual_length': 8, 'table': 'cf_diario', 'subcategoria_id': 4}, {'field': 'ccodsu', 'row_index': 18, 'value': "'14'", 'error': "Campo 'ccodsu' excede longitud máxima (2/1)", 'max_length': 1, 'actual_length': 2, 'table': 'cf_diario', 'subcategoria_id': 4}, {'field': 'cper', 'row_index': 19, 'value': "'2026'", 'error': "Campo 'cper' excede longitud máxima (4/1)", 'max_length': 1, 'actual_length': 4, 'table': 'cf_diario', 'subcategoria_id': 4}, {'field': 'cmes', 'row_index': 19, 'value': "'02'", 'error': "Campo 'cmes' excede longitud máxima (2/1)", 'max_length': 1, 'actual_length': 2, 'table': 'cf_diario', 'subcategoria_id': 4}, {'field': 'ccodori', 'row_index': 19, 'value': "'002'", 'error': "Campo 'ccodori' excede longitud máxima (3/1)", 'max_length': 1, 'actual_length': 3, 'table': 'cf_diario', 'subcategoria_id': 4}, {'field': 'ccodusu', 'row_index': 19, 'value': "'SISTEMAS'", 'error': "Campo 'ccodusu' excede longitud máxima (8/1)", 'max_length': 1, 'actual_length': 8, 'table': 'cf_diario', 'subcategoria_id': 4}, {'field': 'ccodsu', 'row_index': 19, 'value': "'14'", 'error': "Campo 'ccodsu' excede longitud máxima (2/1)", 'max_length': 1, 'actual_length': 2, 'table': 'cf_diario', 'subcategoria_id': 4}, {'field': 'cper', 'row_index': 20, 'value': "'2026'", 'error': "Campo 'cper' excede longitud máxima (4/1)", 'max_length': 1, 'actual_length': 4, 'table': 'cf_diario', 'subcategoria_id': 4}, {'field': 'cmes', 'row_index': 20, 'value': "'02'", 'error': "Campo 'cmes' excede longitud máxima (2/1)", 'max_length': 1, 'actual_length': 2, 'table': 'cf_diario', 'subcategoria_id': 4}, {'field': 'ccodori', 'row_index': 20, 'value': "'002'", 'error': "Campo 'ccodori' excede longitud máxima (3/1)", 'max_length': 1, 'actual_length': 3, 'table': 'cf_diario', 'subcategoria_id': 4}, {'field': 'ccodusu', 'row_index': 20, 'value': "'SISTEMAS'", 'error': "Campo 'ccodusu' excede longitud máxima (8/1)", 'max_length': 1, 'actual_length': 8, 'table': 'cf_diario', 'subcategoria_id': 4}, {'field': 'ccodsu', 'row_index': 20, 'value': "'14'", 'error': "Campo 'ccodsu' excede longitud máxima (2/1)", 'max_length': 1, 'actual_length': 2, 'table': 'cf_diario', 'subcategoria_id': 4}, {'field': 'cper', 'row_index': 21, 'value': "'2026'", 'error': "Campo 'cper' excede longitud máxima (4/1)", 'max_length': 1, 'actual_length': 4, 'table': 'cf_diario', 'subcategoria_id': 4}, {'field': 'cmes', 'row_index': 21, 'value': "'02'", 'error': "Campo 'cmes' excede longitud máxima (2/1)", 'max_length': 1, 'actual_length': 2, 'table': 'cf_diario', 'subcategoria_id': 4}, {'field': 'ccodori', 'row_index': 21, 'value': "'002'", 'error': "Campo 'ccodori' excede longitud máxima (3/1)", 'max_length': 1, 'actual_length': 3, 'table': 'cf_diario', 'subcategoria_id': 4}, {'field': 'ccodusu', 'row_index': 21, 'value': "'SISTEMAS'", 'error': "Campo 'ccodusu' excede longitud máxima (8/1)", 'max_length': 1, 'actual_length': 8, 'table': 'cf_diario', 'subcategoria_id': 4}, {'field': 'ccodsu', 'row_index': 21, 'value': "'14'", 'error': "Campo 'ccodsu' excede longitud máxima (2/1)", 'max_length': 1, 'actual_length': 2, 'table': 'cf_diario', 'subcategoria_id': 4}, {'field': 'cper', 'row_index': 22, 'value': "'2026'", 'error': "Campo 'cper' excede longitud máxima (4/1)", 'max_length': 1, 'actual_length': 4, 'table': 'cf_diario', 'subcategoria_id': 4}, {'field': 'cmes', 'row_index': 22, 'value': "'02'", 'error': "Campo 'cmes' excede longitud máxima (2/1)", 'max_length': 1, 'actual_length': 2, 'table': 'cf_diario', 'subcategoria_id': 4}, {'field': 'ccodori', 'row_index': 22, 'value': "'002'", 'error': "Campo 'ccodori' excede longitud máxima (3/1)", 'max_length': 1, 'actual_length': 3, 'table': 'cf_diario', 'subcategoria_id': 4}, {'field': 'ccodusu', 'row_index': 22, 'value': "'SISTEMAS'", 'error': "Campo 'ccodusu' excede longitud máxima (8/1)", 'max_length': 1, 'actual_length': 8, 'table': 'cf_diario', 'subcategoria_id': 4}, {'field': 'ccodsu', 'row_index': 22, 'value': "'14'", 'error': "Campo 'ccodsu' excede longitud máxima (2/1)", 'max_length': 1, 'actual_length': 2, 'table': 'cf_diario', 'subcategoria_id': 4}, {'field': 'cper', 'row_index': 23, 'value': "'2026'", 'error': "Campo 'cper' excede longitud máxima (4/1)", 'max_length': 1, 'actual_length': 4, 'table': 'cf_diario', 'subcategoria_id': 4}, {'field': 'cmes', 'row_index': 23, 'value': "'02'", 'error': "Campo 'cmes' excede longitud máxima (2/1)", 'max_length': 1, 'actual_length': 2, 'table': 'cf_diario', 'subcategoria_id': 4}, {'field': 'ccodori', 'row_index': 23, 'value': "'002'", 'error': "Campo 'ccodori' excede longitud máxima (3/1)", 'max_length': 1, 'actual_length': 3, 'table': 'cf_diario', 'subcategoria_id': 4}, {'field': 'ccodusu', 'row_index': 23, 'value': "'SISTEMAS'", 'error': "Campo 'ccodusu' excede longitud máxima (8/1)", 'max_length': 1, 'actual_length': 8, 'table': 'cf_diario', 'subcategoria_id': 4}, {'field': 'ccodsu', 'row_index': 23, 'value': "'14'", 'error': "Campo 'ccodsu' excede longitud máxima (2/1)", 'max_length': 1, 'actual_length': 2, 'table': 'cf_diario', 'subcategoria_id': 4}, {'field': 'cper', 'row_index': 24, 'value': "'2026'", 'error': "Campo 'cper' excede longitud máxima (4/1)", 'max_length': 1, 'actual_length': 4, 'table': 'cf_diario', 'subcategoria_id': 4}, {'field': 'cmes', 'row_index': 24, 'value': "'02'", 'error': "Campo 'cmes' excede longitud máxima (2/1)", 'max_length': 1, 'actual_length': 2, 'table': 'cf_diario', 'subcategoria_id': 4}, {'field': 'ccodori', 'row_index': 24, 'value': "'002'", 'error': "Campo 'ccodori' excede longitud máxima (3/1)", 'max_length': 1, 'actual_length': 3, 'table': 'cf_diario', 'subcategoria_id': 4}, {'field': 'ccodusu', 'row_index': 24, 'value': "'SISTEMAS'", 'error': "Campo 'ccodusu' excede longitud máxima (8/1)", 'max_length': 1, 'actual_length': 8, 'table': 'cf_diario', 'subcategoria_id': 4}, {'field': 'ccodsu', 'row_index': 24, 'value': "'14'", 'error': "Campo 'ccodsu' excede longitud máxima (2/1)", 'max_length': 1, 'actual_length': 2, 'table': 'cf_diario', 'subcategoria_id': 4}, {'field': 'cper', 'row_index': 25, 'value': "'2026'", 'error': "Campo 'cper' excede longitud máxima (4/1)", 'max_length': 1, 'actual_length': 4, 'table': 'cf_diario', 'subcategoria_id': 4}, {'field': 'cmes', 'row_index': 25, 'value': "'02'", 'error': "Campo 'cmes' excede longitud máxima (2/1)", 'max_length': 1, 'actual_length': 2, 'table': 'cf_diario', 'subcategoria_id': 4}, {'field': 'ccodori', 'row_index': 25, 'value': "'002'", 'error': "Campo 'ccodori' excede longitud máxima (3/1)", 'max_length': 1, 'actual_length': 3, 'table': 'cf_diario', 'subcategoria_id': 4}, {'field': 'ccodusu', 'row_index': 25, 'value': "'SISTEMAS'", 'error': "Campo 'ccodusu' excede longitud máxima (8/1)", 'max_length': 1, 'actual_length': 8, 'table': 'cf_diario', 'subcategoria_id': 4}, {'field': 'ccodsu', 'row_index': 25, 'value': "'14'", 'error': "Campo 'ccodsu' excede longitud máxima (2/1)", 'max_length': 1, 'actual_length': 2, 'table': 'cf_diario', 'subcategoria_id': 4}, {'field': 'cper', 'row_index': 26, 'value': "'2026'", 'error': "Campo 'cper' excede longitud máxima (4/1)", 'max_length': 1, 'actual_length': 4, 'table': 'cf_diario', 'subcategoria_id': 4}, {'field': 'cmes', 'row_index': 26, 'value': "'02'", 'error': "Campo 'cmes' excede longitud máxima (2/1)", 'max_length': 1, 'actual_length': 2, 'table': 'cf_diario', 'subcategoria_id': 4}, {'field': 'ccodori', 'row_index': 26, 'value': "'002'", 'error': "Campo 'ccodori' excede longitud máxima (3/1)", 'max_length': 1, 'actual_length': 3, 'table': 'cf_diario', 'subcategoria_id': 4}, {'field': 'ccodusu', 'row_index': 26, 'value': "'SISTEMAS'", 'error': "Campo 'ccodusu' excede longitud máxima (8/1)", 'max_length': 1, 'actual_length': 8, 'table': 'cf_diario', 'subcategoria_id': 4}, {'field': 'ccodsu', 'row_index': 26, 'value': "'14'", 'error': "Campo 'ccodsu' excede longitud máxima (2/1)", 'max_length': 1, 'actual_length': 2, 'table': 'cf_diario', 'subcategoria_id': 4}, {'field': 'cper', 'row_index': 27, 'value': "'2026'", 'error': "Campo 'cper' excede longitud máxima (4/1)", 'max_length': 1, 'actual_length': 4, 'table': 'cf_diario', 'subcategoria_id': 4}, {'field': 'cmes', 'row_index': 27, 'value': "'02'", 'error': "Campo 'cmes' excede longitud máxima (2/1)", 'max_length': 1, 'actual_length': 2, 'table': 'cf_diario', 'subcategoria_id': 4}, {'field': 'ccodori', 'row_index': 27, 'value': "'002'", 'error': "Campo 'ccodori' excede longitud máxima (3/1)", 'max_length': 1, 'actual_length': 3, 'table': 'cf_diario', 'subcategoria_id': 4}, {'field': 'ccodusu', 'row_index': 27, 'value': "'SISTEMAS'", 'error': "Campo 'ccodusu' excede longitud máxima (8/1)", 'max_length': 1, 'actual_length': 8, 'table': 'cf_diario', 'subcategoria_id': 4}, {'field': 'ccodsu', 'row_index': 27, 'value': "'14'", 'error': "Campo 'ccodsu' excede longitud máxima (2/1)", 'max_length': 1, 'actual_length': 2, 'table': 'cf_diario', 'subcategoria_id': 4}, {'field': 'cper', 'row_index': 28, 'value': "'2026'", 'error': "Campo 'cper' excede longitud máxima (4/1)", 'max_length': 1, 'actual_length': 4, 'table': 'cf_diario', 'subcategoria_id': 4}, {'field': 'cmes', 'row_index': 28, 'value': "'02'", 'error': "Campo 'cmes' excede longitud máxima (2/1)", 'max_length': 1, 'actual_length': 2, 'table': 'cf_diario', 'subcategoria_id': 4}, {'field': 'ccodori', 'row_index': 28, 'value': "'002'", 'error': "Campo 'ccodori' excede longitud máxima (3/1)", 'max_length': 1, 'actual_length': 3, 'table': 'cf_diario', 'subcategoria_id': 4}, {'field': 'ccodusu', 'row_index': 28, 'value': "'SISTEMAS'", 'error': "Campo 'ccodusu' excede longitud máxima (8/1)", 'max_length': 1, 'actual_length': 8, 'table': 'cf_diario', 'subcategoria_id': 4}, {'field': 'ccodsu', 'row_index': 28, 'value': "'14'", 'error': "Campo 'ccodsu' excede longitud máxima (2/1)", 'max_length': 1, 'actual_length': 2, 'table': 'cf_diario', 'subcategoria_id': 4}, {'field': 'cper', 'row_index': 29, 'value': "'2026'", 'error': "Campo 'cper' excede longitud máxima (4/1)", 'max_length': 1, 'actual_length': 4, 'table': 'cf_diario', 'subcategoria_id': 4}, {'field': 'cmes', 'row_index': 29, 'value': "'02'", 'error': "Campo 'cmes' excede longitud máxima (2/1)", 'max_length': 1, 'actual_length': 2, 'table': 'cf_diario', 'subcategoria_id': 4}, {'field': 'ccodori', 'row_index': 29, 'value': "'002'", 'error': "Campo 'ccodori' excede longitud máxima (3/1)", 'max_length': 1, 'actual_length': 3, 'table': 'cf_diario', 'subcategoria_id': 4}, {'field': 'ccodusu', 'row_index': 29, 'value': "'SISTEMAS'", 'error': "Campo 'ccodusu' excede longitud máxima (8/1)", 'max_length': 1, 'actual_length': 8, 'table': 'cf_diario', 'subcategoria_id': 4}, {'field': 'ccodsu', 'row_index': 29, 'value': "'14'", 'error': "Campo 'ccodsu' excede longitud máxima (2/1)", 'max_length': 1, 'actual_length': 2, 'table': 'cf_diario', 'subcategoria_id': 4}, {'field': 'cper', 'row_index': 30, 'value': "'2026'", 'error': "Campo 'cper' excede longitud máxima (4/1)", 'max_length': 1, 'actual_length': 4, 'table': 'cf_diario', 'subcategoria_id': 4}, {'field': 'cmes', 'row_index': 30, 'value': "'02'", 'error': "Campo 'cmes' excede longitud máxima (2/1)", 'max_length': 1, 'actual_length': 2, 'table': 'cf_diario', 'subcategoria_id': 4}, {'field': 'ccodori', 'row_index': 30, 'value': "'002'", 'error': "Campo 'ccodori' excede longitud máxima (3/1)", 'max_length': 1, 'actual_length': 3, 'table': 'cf_diario', 'subcategoria_id': 4}, {'field': 'ccodusu', 'row_index': 30, 'value': "'SISTEMAS'", 'error': "Campo 'ccodusu' excede longitud máxima (8/1)", 'max_length': 1, 'actual_length': 8, 'table': 'cf_diario', 'subcategoria_id': 4}, {'field': 'ccodsu', 'row_index': 30, 'value': "'14'", 'error': "Campo 'ccodsu' excede longitud máxima (2/1)", 'max_length': 1, 'actual_length': 2, 'table': 'cf_diario', 'subcategoria_id': 4}, {'field': 'cper', 'row_index': 31, 'value': "'2026'", 'error': "Campo 'cper' excede longitud máxima (4/1)", 'max_length': 1, 'actual_length': 4, 'table': 'cf_diario', 'subcategoria_id': 4}, {'field': 'cmes', 'row_index': 31, 'value': "'02'", 'error': "Campo 'cmes' excede longitud máxima (2/1)", 'max_length': 1, 'actual_length': 2, 'table': 'cf_diario', 'subcategoria_id': 4}, {'field': 'ccodori', 'row_index': 31, 'value': "'002'", 'error': "Campo 'ccodori' excede longitud máxima (3/1)", 'max_length': 1, 'actual_length': 3, 'table': 'cf_diario', 'subcategoria_id': 4}, {'field': 'ccodusu', 'row_index': 31, 'value': "'SISTEMAS'", 'error': "Campo 'ccodusu' excede longitud máxima (8/1)", 'max_length': 1, 'actual_length': 8, 'table': 'cf_diario', 'subcategoria_id': 4}, {'field': 'ccodsu', 'row_index': 31, 'value': "'14'", 'error': "Campo 'ccodsu' excede longitud máxima (2/1)", 'max_length': 1, 'actual_length': 2, 'table': 'cf_diario', 'subcategoria_id': 4}, {'field': 'cper', 'row_index': 32, 'value': "'2026'", 'error': "Campo 'cper' excede longitud máxima (4/1)", 'max_length': 1, 'actual_length': 4, 'table': 'cf_diario', 'subcategoria_id': 4}, {'field': 'cmes', 'row_index': 32, 'value': "'02'", 'error': "Campo 'cmes' excede longitud máxima (2/1)", 'max_length': 1, 'actual_length': 2, 'table': 'cf_diario', 'subcategoria_id': 4}, {'field': 'ccodori', 'row_index': 32, 'value': "'002'", 'error': "Campo 'ccodori' excede longitud máxima (3/1)", 'max_length': 1, 'actual_length': 3, 'table': 'cf_diario', 'subcategoria_id': 4}, {'field': 'ccodusu', 'row_index': 32, 'value': "'SISTEMAS'", 'error': "Campo 'ccodusu' excede longitud máxima (8/1)", 'max_length': 1, 'actual_length': 8, 'table': 'cf_diario', 'subcategoria_id': 4}, {'field': 'ccodsu', 'row_index': 32, 'value': "'14'", 'error': "Campo 'ccodsu' excede longitud máxima (2/1)", 'max_length': 1, 'actual_length': 2, 'table': 'cf_diario', 'subcategoria_id': 4}, {'field': 'cper', 'row_index': 33, 'value': "'2026'", 'error': "Campo 'cper' excede longitud máxima (4/1)", 'max_length': 1, 'actual_length': 4, 'table': 'cf_diario', 'subcategoria_id': 4}, {'field': 'cmes', 'row_index': 33, 'value': "'02'", 'error': "Campo 'cmes' excede longitud máxima (2/1)", 'max_length': 1, 'actual_length': 2, 'table': 'cf_diario', 'subcategoria_id': 4}, {'field': 'ccodori', 'row_index': 33, 'value': "'002'", 'error': "Campo 'ccodori' excede longitud máxima (3/1)", 'max_length': 1, 'actual_length': 3, 'table': 'cf_diario', 'subcategoria_id': 4}, {'field': 'ccodusu', 'row_index': 33, 'value': "'SISTEMAS'", 'error': "Campo 'ccodusu' excede longitud máxima (8/1)", 'max_length': 1, 'actual_length': 8, 'table': 'cf_diario', 'subcategoria_id': 4}, {'field': 'ccodsu', 'row_index': 33, 'value': "'14'", 'error': "Campo 'ccodsu' excede longitud máxima (2/1)", 'max_length': 1, 'actual_length': 2, 'table': 'cf_diario', 'subcategoria_id': 4}, {'field': 'cper', 'row_index': 34, 'value': "'2026'", 'error': "Campo 'cper' excede longitud máxima (4/1)", 'max_length': 1, 'actual_length': 4, 'table': 'cf_diario', 'subcategoria_id': 4}, {'field': 'cmes', 'row_index': 34, 'value': "'02'", 'error': "Campo 'cmes' excede longitud máxima (2/1)", 'max_length': 1, 'actual_length': 2, 'table': 'cf_diario', 'subcategoria_id': 4}, {'field': 'ccodori', 'row_index': 34, 'value': "'002'", 'error': "Campo 'ccodori' excede longitud máxima (3/1)", 'max_length': 1, 'actual_length': 3, 'table': 'cf_diario', 'subcategoria_id': 4}, {'field': 'ccodusu', 'row_index': 34, 'value': "'SISTEMAS'", 'error': "Campo 'ccodusu' excede longitud máxima (8/1)", 'max_length': 1, 'actual_length': 8, 'table': 'cf_diario', 'subcategoria_id': 4}, {'field': 'ccodsu', 'row_index': 34, 'value': "'14'", 'error': "Campo 'ccodsu' excede longitud máxima (2/1)", 'max_length': 1, 'actual_length': 2, 'table': 'cf_diario', 'subcategoria_id': 4}, {'field': 'cper', 'row_index': 35, 'value': "'2026'", 'error': "Campo 'cper' excede longitud máxima (4/1)", 'max_length': 1, 'actual_length': 4, 'table': 'cf_diario', 'subcategoria_id': 4}, {'field': 'cmes', 'row_index': 35, 'value': "'02'", 'error': "Campo 'cmes' excede longitud máxima (2/1)", 'max_length': 1, 'actual_length': 2, 'table': 'cf_diario', 'subcategoria_id': 4}, {'field': 'ccodori', 'row_index': 35, 'value': "'002'", 'error': "Campo 'ccodori' excede longitud máxima (3/1)", 'max_length': 1, 'actual_length': 3, 'table': 'cf_diario', 'subcategoria_id': 4}, {'field': 'ccodusu', 'row_index': 35, 'value': "'SISTEMAS'", 'error': "Campo 'ccodusu' excede longitud máxima (8/1)", 'max_length': 1, 'actual_length': 8, 'table': 'cf_diario', 'subcategoria_id': 4}, {'field': 'ccodsu', 'row_index': 35, 'value': "'14'", 'error': "Campo 'ccodsu' excede longitud máxima (2/1)", 'max_length': 1, 'actual_length': 2, 'table': 'cf_diario', 'subcategoria_id': 4}, {'field': 'cper', 'row_index': 36, 'value': "'2026'", 'error': "Campo 'cper' excede longitud máxima (4/1)", 'max_length': 1, 'actual_length': 4, 'table': 'cf_diario', 'subcategoria_id': 4}, {'field': 'cmes', 'row_index': 36, 'value': "'02'", 'error': "Campo 'cmes' excede longitud máxima (2/1)", 'max_length': 1, 'actual_length': 2, 'table': 'cf_diario', 'subcategoria_id': 4}, {'field': 'ccodori', 'row_index': 36, 'value': "'002'", 'error': "Campo 'ccodori' excede longitud máxima (3/1)", 'max_length': 1, 'actual_length': 3, 'table': 'cf_diario', 'subcategoria_id': 4}, {'field': 'ccodusu', 'row_index': 36, 'value': "'SISTEMAS'", 'error': "Campo 'ccodusu' excede longitud máxima (8/1)", 'max_length': 1, 'actual_length': 8, 'table': 'cf_diario', 'subcategoria_id': 4}, {'field': 'ccodsu', 'row_index': 36, 'value': "'14'", 'error': "Campo 'ccodsu' excede longitud máxima (2/1)", 'max_length': 1, 'actual_length': 2, 'table': 'cf_diario', 'subcategoria_id': 4}, {'field': 'cper', 'row_index': 37, 'value': "'2026'", 'error': "Campo 'cper' excede longitud máxima (4/1)", 'max_length': 1, 'actual_length': 4, 'table': 'cf_diario', 'subcategoria_id': 4}, {'field': 'cmes', 'row_index': 37, 'value': "'02'", 'error': "Campo 'cmes' excede longitud máxima (2/1)", 'max_length': 1, 'actual_length': 2, 'table': 'cf_diario', 'subcategoria_id': 4}, {'field': 'ccodori', 'row_index': 37, 'value': "'002'", 'error': "Campo 'ccodori' excede longitud máxima (3/1)", 'max_length': 1, 'actual_length': 3, 'table': 'cf_diario', 'subcategoria_id': 4}, {'field': 'ccodusu', 'row_index': 37, 'value': "'SISTEMAS'", 'error': "Campo 'ccodusu' excede longitud máxima (8/1)", 'max_length': 1, 'actual_length': 8, 'table': 'cf_diario', 'subcategoria_id': 4}, {'field': 'ccodsu', 'row_index': 37, 'value': "'14'", 'error': "Campo 'ccodsu' excede longitud máxima (2/1)", 'max_length': 1, 'actual_length': 2, 'table': 'cf_diario', 'subcategoria_id': 4}, {'field': 'cper', 'row_index': 38, 'value': "'2026'", 'error': "Campo 'cper' excede longitud máxima (4/1)", 'max_length': 1, 'actual_length': 4, 'table': 'cf_diario', 'subcategoria_id': 4}, {'field': 'cmes', 'row_index': 38, 'value': "'02'", 'error': "Campo 'cmes' excede longitud máxima (2/1)", 'max_length': 1, 'actual_length': 2, 'table': 'cf_diario', 'subcategoria_id': 4}, {'field': 'ccodori', 'row_index': 38, 'value': "'002'", 'error': "Campo 'ccodori' excede longitud máxima (3/1)", 'max_length': 1, 'actual_length': 3, 'table': 'cf_diario', 'subcategoria_id': 4}, {'field': 'ccodusu', 'row_index': 38, 'value': "'SISTEMAS'", 'error': "Campo 'ccodusu' excede longitud máxima (8/1)", 'max_length': 1, 'actual_length': 8, 'table': 'cf_diario', 'subcategoria_id': 4}, {'field': 'ccodsu', 'row_index': 38, 'value': "'14'", 'error': "Campo 'ccodsu' excede longitud máxima (2/1)", 'max_length': 1, 'actual_length': 2, 'table': 'cf_diario', 'subcategoria_id': 4}, {'field': 'cper', 'row_index': 39, 'value': "'2026'", 'error': "Campo 'cper' excede longitud máxima (4/1)", 'max_length': 1, 'actual_length': 4, 'table': 'cf_diario', 'subcategoria_id': 4}, {'field': 'cmes', 'row_index': 39, 'value': "'02'", 'error': "Campo 'cmes' excede longitud máxima (2/1)", 'max_length': 1, 'actual_length': 2, 'table': 'cf_diario', 'subcategoria_id': 4}, {'field': 'ccodori', 'row_index': 39, 'value': "'002'", 'error': "Campo 'ccodori' excede longitud máxima (3/1)", 'max_length': 1, 'actual_length': 3, 'table': 'cf_diario', 'subcategoria_id': 4}, {'field': 'ccodusu', 'row_index': 39, 'value': "'SISTEMAS'", 'error': "Campo 'ccodusu' excede longitud máxima (8/1)", 'max_length': 1, 'actual_length': 8, 'table': 'cf_diario', 'subcategoria_id': 4}, {'field': 'ccodsu', 'row_index': 39, 'value': "'14'", 'error': "Campo 'ccodsu' excede longitud máxima (2/1)", 'max_length': 1, 'actual_length': 2, 'table': 'cf_diario', 'subcategoria_id': 4}]}
Traceback (most recent call last):
  File "C:\SistemaMigConta\backend\app\api\endpoints\mapeo.py", line 1104, in generate_to_cf_diariol
    gen, asis = _generate_subcategoria_cf_diariol(
                ~~~~~~~~~~~~~~~~~~~~~~~~~~~~~~~~~^
        sub, db, company_id, filters, lote_id, global_counters,
        ^^^^^^^^^^^^^^^^^^^^^^^^^^^^^^^^^^^^^^^^^^^^^^^^^^^^^^^
        generate_headers=(sub.generate_headers is not False),
        ^^^^^^^^^^^^^^^^^^^^^^^^^^^^^^^^^^^^^^^^^^^^^^^^^^^^^
        generate_details=(sub.generate_details is not False)
        ^^^^^^^^^^^^^^^^^^^^^^^^^^^^^^^^^^^^^^^^^^^^^^^^^^^^
    )
    ^
  File "C:\SistemaMigConta\backend\app\api\endpoints\mapeo.py", line 748, in _generate_subcategoria_cf_diariol
    raise HTTPException(
    ...<5 lines>...
    )
fastapi.exceptions.HTTPException: 422: {'message': 'Errores de validación en cabecera (Registro de Ventas)', 'errors': [{'field': 'cper', 'row_index': 0, 'value': "'2026'", 'error': "Campo 'cper' excede longitud máxima (4/1)", 'max_length': 1, 'actual_length': 4, 'table': 'cf_diario', 'subcategoria_id': 4}, {'field': 'cmes', 'row_index': 0, 'value': "'02'", 'error': "Campo 'cmes' excede longitud máxima (2/1)", 'max_length': 1, 'actual_length': 2, 'table': 'cf_diario', 'subcategoria_id': 4}, {'field': 'ccodori', 'row_index': 0, 'value': "'002'", 'error': "Campo 'ccodori' excede longitud máxima (3/1)", 'max_length': 1, 'actual_length': 3, 'table': 'cf_diario', 'subcategoria_id': 4}, {'field': 'ccodusu', 'row_index': 0, 'value': "'SISTEMAS'", 'error': "Campo 'ccodusu' excede longitud máxima (8/1)", 'max_length': 1, 'actual_length': 8, 'table': 'cf_diario', 'subcategoria_id': 4}, {'field': 'ccodsu', 'row_index': 0, 'value': "'14'", 'error': "Campo 'ccodsu' excede longitud máxima (2/1)", 'max_length': 1, 'actual_length': 2, 'table': 'cf_diario', 'subcategoria_id': 4}, {'field': 'cper', 'row_index': 1, 'value': "'2026'", 'error': "Campo 'cper' excede longitud máxima (4/1)", 'max_length': 1, 'actual_length': 4, 'table': 'cf_diario', 'subcategoria_id': 4}, {'field': 'cmes', 'row_index': 1, 'value': "'02'", 'error': "Campo 'cmes' excede longitud máxima (2/1)", 'max_length': 1, 'actual_length': 2, 'table': 'cf_diario', 'subcategoria_id': 4}, {'field': 'ccodori', 'row_index': 1, 'value': "'002'", 'error': "Campo 'ccodori' excede longitud máxima (3/1)", 'max_length': 1, 'actual_length': 3, 'table': 'cf_diario', 'subcategoria_id': 4}, {'field': 'ccodusu', 'row_index': 1, 'value': "'SISTEMAS'", 'error': "Campo 'ccodusu' excede longitud máxima (8/1)", 'max_length': 1, 'actual_length': 8, 'table': 'cf_diario', 'subcategoria_id': 4}, {'field': 'ccodsu', 'row_index': 1, 'value': "'14'", 'error': "Campo 'ccodsu' excede longitud máxima (2/1)", 'max_length': 1, 'actual_length': 2, 'table': 'cf_diario', 'subcategoria_id': 4}, {'field': 'cper', 'row_index': 2, 'value': "'2026'", 'error': "Campo 'cper' excede longitud máxima (4/1)", 'max_length': 1, 'actual_length': 4, 'table': 'cf_diario', 'subcategoria_id': 4}, {'field': 'cmes', 'row_index': 2, 'value': "'02'", 'error': "Campo 'cmes' excede longitud máxima (2/1)", 'max_length': 1, 'actual_length': 2, 'table': 'cf_diario', 'subcategoria_id': 4}, {'field': 'ccodori', 'row_index': 2, 'value': "'002'", 'error': "Campo 'ccodori' excede longitud máxima (3/1)", 'max_length': 1, 'actual_length': 3, 'table': 'cf_diario', 'subcategoria_id': 4}, {'field': 'ccodusu', 'row_index': 2, 'value': "'SISTEMAS'", 'error': "Campo 'ccodusu' excede longitud máxima (8/1)", 'max_length': 1, 'actual_length': 8, 'table': 'cf_diario', 'subcategoria_id': 4}, {'field': 'ccodsu', 'row_index': 2, 'value': "'14'", 'error': "Campo 'ccodsu' excede longitud máxima (2/1)", 'max_length': 1, 'actual_length': 2, 'table': 'cf_diario', 'subcategoria_id': 4}, {'field': 'cper', 'row_index': 3, 'value': "'2026'", 'error': "Campo 'cper' excede longitud máxima (4/1)", 'max_length': 1, 'actual_length': 4, 'table': 'cf_diario', 'subcategoria_id': 4}, {'field': 'cmes', 'row_index': 3, 'value': "'02'", 'error': "Campo 'cmes' excede longitud máxima (2/1)", 'max_length': 1, 'actual_length': 2, 'table': 'cf_diario', 'subcategoria_id': 4}, {'field': 'ccodori', 'row_index': 3, 'value': "'002'", 'error': "Campo 'ccodori' excede longitud máxima (3/1)", 'max_length': 1, 'actual_length': 3, 'table': 'cf_diario', 'subcategoria_id': 4}, {'field': 'ccodusu', 'row_index': 3, 'value': "'SISTEMAS'", 'error': "Campo 'ccodusu' excede longitud máxima (8/1)", 'max_length': 1, 'actual_length': 8, 'table': 'cf_diario', 'subcategoria_id': 4}, {'field': 'ccodsu', 'row_index': 3, 'value': "'14'", 'error': "Campo 'ccodsu' excede longitud máxima (2/1)", 'max_length': 1, 'actual_length': 2, 'table': 'cf_diario', 'subcategoria_id': 4}, {'field': 'cper', 'row_index': 4, 'value': "'2026'", 'error': "Campo 'cper' excede longitud máxima (4/1)", 'max_length': 1, 'actual_length': 4, 'table': 'cf_diario', 'subcategoria_id': 4}, {'field': 'cmes', 'row_index': 4, 'value': "'02'", 'error': "Campo 'cmes' excede longitud máxima (2/1)", 'max_length': 1, 'actual_length': 2, 'table': 'cf_diario', 'subcategoria_id': 4}, {'field': 'ccodori', 'row_index': 4, 'value': "'002'", 'error': "Campo 'ccodori' excede longitud máxima (3/1)", 'max_length': 1, 'actual_length': 3, 'table': 'cf_diario', 'subcategoria_id': 4}, {'field': 'ccodusu', 'row_index': 4, 'value': "'SISTEMAS'", 'error': "Campo 'ccodusu' excede longitud máxima (8/1)", 'max_length': 1, 'actual_length': 8, 'table': 'cf_diario', 'subcategoria_id': 4}, {'field': 'ccodsu', 'row_index': 4, 'value': "'14'", 'error': "Campo 'ccodsu' excede longitud máxima (2/1)", 'max_length': 1, 'actual_length': 2, 'table': 'cf_diario', 'subcategoria_id': 4}, {'field': 'cper', 'row_index': 5, 'value': "'2026'", 'error': "Campo 'cper' excede longitud máxima (4/1)", 'max_length': 1, 'actual_length': 4, 'table': 'cf_diario', 'subcategoria_id': 4}, {'field': 'cmes', 'row_index': 5, 'value': "'02'", 'error': "Campo 'cmes' excede longitud máxima (2/1)", 'max_length': 1, 'actual_length': 2, 'table': 'cf_diario', 'subcategoria_id': 4}, {'field': 'ccodori', 'row_index': 5, 'value': "'002'", 'error': "Campo 'ccodori' excede longitud máxima (3/1)", 'max_length': 1, 'actual_length': 3, 'table': 'cf_diario', 'subcategoria_id': 4}, {'field': 'ccodusu', 'row_index': 5, 'value': "'SISTEMAS'", 'error': "Campo 'ccodusu' excede longitud máxima (8/1)", 'max_length': 1, 'actual_length': 8, 'table': 'cf_diario', 'subcategoria_id': 4}, {'field': 'ccodsu', 'row_index': 5, 'value': "'14'", 'error': "Campo 'ccodsu' excede longitud máxima (2/1)", 'max_length': 1, 'actual_length': 2, 'table': 'cf_diario', 'subcategoria_id': 4}, {'field': 'cper', 'row_index': 6, 'value': "'2026'", 'error': "Campo 'cper' excede longitud máxima (4/1)", 'max_length': 1, 'actual_length': 4, 'table': 'cf_diario', 'subcategoria_id': 4}, {'field': 'cmes', 'row_index': 6, 'value': "'02'", 'error': "Campo 'cmes' excede longitud máxima (2/1)", 'max_length': 1, 'actual_length': 2, 'table': 'cf_diario', 'subcategoria_id': 4}, {'field': 'ccodori', 'row_index': 6, 'value': "'002'", 'error': "Campo 'ccodori' excede longitud máxima (3/1)", 'max_length': 1, 'actual_length': 3, 'table': 'cf_diario', 'subcategoria_id': 4}, {'field': 'ccodusu', 'row_index': 6, 'value': "'SISTEMAS'", 'error': "Campo 'ccodusu' excede longitud máxima (8/1)", 'max_length': 1, 'actual_length': 8, 'table': 'cf_diario', 'subcategoria_id': 4}, {'field': 'ccodsu', 'row_index': 6, 'value': "'14'", 'error': "Campo 'ccodsu' excede longitud máxima (2/1)", 'max_length': 1, 'actual_length': 2, 'table': 'cf_diario', 'subcategoria_id': 4}, {'field': 'cper', 'row_index': 7, 'value': "'2026'", 'error': "Campo 'cper' excede longitud máxima (4/1)", 'max_length': 1, 'actual_length': 4, 'table': 'cf_diario', 'subcategoria_id': 4}, {'field': 'cmes', 'row_index': 7, 'value': "'02'", 'error': "Campo 'cmes' excede longitud máxima (2/1)", 'max_length': 1, 'actual_length': 2, 'table': 'cf_diario', 'subcategoria_id': 4}, {'field': 'ccodori', 'row_index': 7, 'value': "'002'", 'error': "Campo 'ccodori' excede longitud máxima (3/1)", 'max_length': 1, 'actual_length': 3, 'table': 'cf_diario', 'subcategoria_id': 4}, {'field': 'ccodusu', 'row_index': 7, 'value': "'SISTEMAS'", 'error': "Campo 'ccodusu' excede longitud máxima (8/1)", 'max_length': 1, 'actual_length': 8, 'table': 'cf_diario', 'subcategoria_id': 4}, {'field': 'ccodsu', 'row_index': 7, 'value': "'14'", 'error': "Campo 'ccodsu' excede longitud máxima (2/1)", 'max_length': 1, 'actual_length': 2, 'table': 'cf_diario', 'subcategoria_id': 4}, {'field': 'cper', 'row_index': 8, 'value': "'2026'", 'error': "Campo 'cper' excede longitud máxima (4/1)", 'max_length': 1, 'actual_length': 4, 'table': 'cf_diario', 'subcategoria_id': 4}, {'field': 'cmes', 'row_index': 8, 'value': "'02'", 'error': "Campo 'cmes' excede longitud máxima (2/1)", 'max_length': 1, 'actual_length': 2, 'table': 'cf_diario', 'subcategoria_id': 4}, {'field': 'ccodori', 'row_index': 8, 'value': "'002'", 'error': "Campo 'ccodori' excede longitud máxima (3/1)", 'max_length': 1, 'actual_length': 3, 'table': 'cf_diario', 'subcategoria_id': 4}, {'field': 'ccodusu', 'row_index': 8, 'value': "'SISTEMAS'", 'error': "Campo 'ccodusu' excede longitud máxima (8/1)", 'max_length': 1, 'actual_length': 8, 'table': 'cf_diario', 'subcategoria_id': 4}, {'field': 'ccodsu', 'row_index': 8, 'value': "'14'", 'error': "Campo 'ccodsu' excede longitud máxima (2/1)", 'max_length': 1, 'actual_length': 2, 'table': 'cf_diario', 'subcategoria_id': 4}, {'field': 'cper', 'row_index': 9, 'value': "'2026'", 'error': "Campo 'cper' excede longitud máxima (4/1)", 'max_length': 1, 'actual_length': 4, 'table': 'cf_diario', 'subcategoria_id': 4}, {'field': 'cmes', 'row_index': 9, 'value': "'02'", 'error': "Campo 'cmes' excede longitud máxima (2/1)", 'max_length': 1, 'actual_length': 2, 'table': 'cf_diario', 'subcategoria_id': 4}, {'field': 'ccodori', 'row_index': 9, 'value': "'002'", 'error': "Campo 'ccodori' excede longitud máxima (3/1)", 'max_length': 1, 'actual_length': 3, 'table': 'cf_diario', 'subcategoria_id': 4}, {'field': 'ccodusu', 'row_index': 9, 'value': "'SISTEMAS'", 'error': "Campo 'ccodusu' excede longitud máxima (8/1)", 'max_length': 1, 'actual_length': 8, 'table': 'cf_diario', 'subcategoria_id': 4}, {'field': 'ccodsu', 'row_index': 9, 'value': "'14'", 'error': "Campo 'ccodsu' excede longitud máxima (2/1)", 'max_length': 1, 'actual_length': 2, 'table': 'cf_diario', 'subcategoria_id': 4}, {'field': 'cper', 'row_index': 10, 'value': "'2026'", 'error': "Campo 'cper' excede longitud máxima (4/1)", 'max_length': 1, 'actual_length': 4, 'table': 'cf_diario', 'subcategoria_id': 4}, {'field': 'cmes', 'row_index': 10, 'value': "'02'", 'error': "Campo 'cmes' excede longitud máxima (2/1)", 'max_length': 1, 'actual_length': 2, 'table': 'cf_diario', 'subcategoria_id': 4}, {'field': 'ccodori', 'row_index': 10, 'value': "'002'", 'error': "Campo 'ccodori' excede longitud máxima (3/1)", 'max_length': 1, 'actual_length': 3, 'table': 'cf_diario', 'subcategoria_id': 4}, {'field': 'ccodusu', 'row_index': 10, 'value': "'SISTEMAS'", 'error': "Campo 'ccodusu' excede longitud máxima (8/1)", 'max_length': 1, 'actual_length': 8, 'table': 'cf_diario', 'subcategoria_id': 4}, {'field': 'ccodsu', 'row_index': 10, 'value': "'14'", 'error': "Campo 'ccodsu' excede longitud máxima (2/1)", 'max_length': 1, 'actual_length': 2, 'table': 'cf_diario', 'subcategoria_id': 4}, {'field': 'cper', 'row_index': 11, 'value': "'2026'", 'error': "Campo 'cper' excede longitud máxima (4/1)", 'max_length': 1, 'actual_length': 4, 'table': 'cf_diario', 'subcategoria_id': 4}, {'field': 'cmes', 'row_index': 11, 'value': "'02'", 'error': "Campo 'cmes' excede longitud máxima (2/1)", 'max_length': 1, 'actual_length': 2, 'table': 'cf_diario', 'subcategoria_id': 4}, {'field': 'ccodori', 'row_index': 11, 'value': "'002'", 'error': "Campo 'ccodori' excede longitud máxima (3/1)", 'max_length': 1, 'actual_length': 3, 'table': 'cf_diario', 'subcategoria_id': 4}, {'field': 'ccodusu', 'row_index': 11, 'value': "'SISTEMAS'", 'error': "Campo 'ccodusu' excede longitud máxima (8/1)", 'max_length': 1, 'actual_length': 8, 'table': 'cf_diario', 'subcategoria_id': 4}, {'field': 'ccodsu', 'row_index': 11, 'value': "'14'", 'error': "Campo 'ccodsu' excede longitud máxima (2/1)", 'max_length': 1, 'actual_length': 2, 'table': 'cf_diario', 'subcategoria_id': 4}, {'field': 'cper', 'row_index': 12, 'value': "'2026'", 'error': "Campo 'cper' excede longitud máxima (4/1)", 'max_length': 1, 'actual_length': 4, 'table': 'cf_diario', 'subcategoria_id': 4}, {'field': 'cmes', 'row_index': 12, 'value': "'02'", 'error': "Campo 'cmes' excede longitud máxima (2/1)", 'max_length': 1, 'actual_length': 2, 'table': 'cf_diario', 'subcategoria_id': 4}, {'field': 'ccodori', 'row_index': 12, 'value': "'002'", 'error': "Campo 'ccodori' excede longitud máxima (3/1)", 'max_length': 1, 'actual_length': 3, 'table': 'cf_diario', 'subcategoria_id': 4}, {'field': 'ccodusu', 'row_index': 12, 'value': "'SISTEMAS'", 'error': "Campo 'ccodusu' excede longitud máxima (8/1)", 'max_length': 1, 'actual_length': 8, 'table': 'cf_diario', 'subcategoria_id': 4}, {'field': 'ccodsu', 'row_index': 12, 'value': "'14'", 'error': "Campo 'ccodsu' excede longitud máxima (2/1)", 'max_length': 1, 'actual_length': 2, 'table': 'cf_diario', 'subcategoria_id': 4}, {'field': 'cper', 'row_index': 13, 'value': "'2026'", 'error': "Campo 'cper' excede longitud máxima (4/1)", 'max_length': 1, 'actual_length': 4, 'table': 'cf_diario', 'subcategoria_id': 4}, {'field': 'cmes', 'row_index': 13, 'value': "'02'", 'error': "Campo 'cmes' excede longitud máxima (2/1)", 'max_length': 1, 'actual_length': 2, 'table': 'cf_diario', 'subcategoria_id': 4}, {'field': 'ccodori', 'row_index': 13, 'value': "'002'", 'error': "Campo 'ccodori' excede longitud máxima (3/1)", 'max_length': 1, 'actual_length': 3, 'table': 'cf_diario', 'subcategoria_id': 4}, {'field': 'ccodusu', 'row_index': 13, 'value': "'SISTEMAS'", 'error': "Campo 'ccodusu' excede longitud máxima (8/1)", 'max_length': 1, 'actual_length': 8, 'table': 'cf_diario', 'subcategoria_id': 4}, {'field': 'ccodsu', 'row_index': 13, 'value': "'14'", 'error': "Campo 'ccodsu' excede longitud máxima (2/1)", 'max_length': 1, 'actual_length': 2, 'table': 'cf_diario', 'subcategoria_id': 4}, {'field': 'cper', 'row_index': 14, 'value': "'2026'", 'error': "Campo 'cper' excede longitud máxima (4/1)", 'max_length': 1, 'actual_length': 4, 'table': 'cf_diario', 'subcategoria_id': 4}, {'field': 'cmes', 'row_index': 14, 'value': "'02'", 'error': "Campo 'cmes' excede longitud máxima (2/1)", 'max_length': 1, 'actual_length': 2, 'table': 'cf_diario', 'subcategoria_id': 4}, {'field': 'ccodori', 'row_index': 14, 'value': "'002'", 'error': "Campo 'ccodori' excede longitud máxima (3/1)", 'max_length': 1, 'actual_length': 3, 'table': 'cf_diario', 'subcategoria_id': 4}, {'field': 'ccodusu', 'row_index': 14, 'value': "'SISTEMAS'", 'error': "Campo 'ccodusu' excede longitud máxima (8/1)", 'max_length': 1, 'actual_length': 8, 'table': 'cf_diario', 'subcategoria_id': 4}, {'field': 'ccodsu', 'row_index': 14, 'value': "'14'", 'error': "Campo 'ccodsu' excede longitud máxima (2/1)", 'max_length': 1, 'actual_length': 2, 'table': 'cf_diario', 'subcategoria_id': 4}, {'field': 'cper', 'row_index': 15, 'value': "'2026'", 'error': "Campo 'cper' excede longitud máxima (4/1)", 'max_length': 1, 'actual_length': 4, 'table': 'cf_diario', 'subcategoria_id': 4}, {'field': 'cmes', 'row_index': 15, 'value': "'02'", 'error': "Campo 'cmes' excede longitud máxima (2/1)", 'max_length': 1, 'actual_length': 2, 'table': 'cf_diario', 'subcategoria_id': 4}, {'field': 'ccodori', 'row_index': 15, 'value': "'002'", 'error': "Campo 'ccodori' excede longitud máxima (3/1)", 'max_length': 1, 'actual_length': 3, 'table': 'cf_diario', 'subcategoria_id': 4}, {'field': 'ccodusu', 'row_index': 15, 'value': "'SISTEMAS'", 'error': "Campo 'ccodusu' excede longitud máxima (8/1)", 'max_length': 1, 'actual_length': 8, 'table': 'cf_diario', 'subcategoria_id': 4}, {'field': 'ccodsu', 'row_index': 15, 'value': "'14'", 'error': "Campo 'ccodsu' excede longitud máxima (2/1)", 'max_length': 1, 'actual_length': 2, 'table': 'cf_diario', 'subcategoria_id': 4}, {'field': 'cper', 'row_index': 16, 'value': "'2026'", 'error': "Campo 'cper' excede longitud máxima (4/1)", 'max_length': 1, 'actual_length': 4, 'table': 'cf_diario', 'subcategoria_id': 4}, {'field': 'cmes', 'row_index': 16, 'value': "'02'", 'error': "Campo 'cmes' excede longitud máxima (2/1)", 'max_length': 1, 'actual_length': 2, 'table': 'cf_diario', 'subcategoria_id': 4}, {'field': 'ccodori', 'row_index': 16, 'value': "'002'", 'error': "Campo 'ccodori' excede longitud máxima (3/1)", 'max_length': 1, 'actual_length': 3, 'table': 'cf_diario', 'subcategoria_id': 4}, {'field': 'ccodusu', 'row_index': 16, 'value': "'SISTEMAS'", 'error': "Campo 'ccodusu' excede longitud máxima (8/1)", 'max_length': 1, 'actual_length': 8, 'table': 'cf_diario', 'subcategoria_id': 4}, {'field': 'ccodsu', 'row_index': 16, 'value': "'14'", 'error': "Campo 'ccodsu' excede longitud máxima (2/1)", 'max_length': 1, 'actual_length': 2, 'table': 'cf_diario', 'subcategoria_id': 4}, {'field': 'cper', 'row_index': 17, 'value': "'2026'", 'error': "Campo 'cper' excede longitud máxima (4/1)", 'max_length': 1, 'actual_length': 4, 'table': 'cf_diario', 'subcategoria_id': 4}, {'field': 'cmes', 'row_index': 17, 'value': "'02'", 'error': "Campo 'cmes' excede longitud máxima (2/1)", 'max_length': 1, 'actual_length': 2, 'table': 'cf_diario', 'subcategoria_id': 4}, {'field': 'ccodori', 'row_index': 17, 'value': "'002'", 'error': "Campo 'ccodori' excede longitud máxima (3/1)", 'max_length': 1, 'actual_length': 3, 'table': 'cf_diario', 'subcategoria_id': 4}, {'field': 'ccodusu', 'row_index': 17, 'value': "'SISTEMAS'", 'error': "Campo 'ccodusu' excede longitud máxima (8/1)", 'max_length': 1, 'actual_length': 8, 'table': 'cf_diario', 'subcategoria_id': 4}, {'field': 'ccodsu', 'row_index': 17, 'value': "'14'", 'error': "Campo 'ccodsu' excede longitud máxima (2/1)", 'max_length': 1, 'actual_length': 2, 'table': 'cf_diario', 'subcategoria_id': 4}, {'field': 'cper', 'row_index': 18, 'value': "'2026'", 'error': "Campo 'cper' excede longitud máxima (4/1)", 'max_length': 1, 'actual_length': 4, 'table': 'cf_diario', 'subcategoria_id': 4}, {'field': 'cmes', 'row_index': 18, 'value': "'02'", 'error': "Campo 'cmes' excede longitud máxima (2/1)", 'max_length': 1, 'actual_length': 2, 'table': 'cf_diario', 'subcategoria_id': 4}, {'field': 'ccodori', 'row_index': 18, 'value': "'002'", 'error': "Campo 'ccodori' excede longitud máxima (3/1)", 'max_length': 1, 'actual_length': 3, 'table': 'cf_diario', 'subcategoria_id': 4}, {'field': 'ccodusu', 'row_index': 18, 'value': "'SISTEMAS'", 'error': "Campo 'ccodusu' excede longitud máxima (8/1)", 'max_length': 1, 'actual_length': 8, 'table': 'cf_diario', 'subcategoria_id': 4}, {'field': 'ccodsu', 'row_index': 18, 'value': "'14'", 'error': "Campo 'ccodsu' excede longitud máxima (2/1)", 'max_length': 1, 'actual_length': 2, 'table': 'cf_diario', 'subcategoria_id': 4}, {'field': 'cper', 'row_index': 19, 'value': "'2026'", 'error': "Campo 'cper' excede longitud máxima (4/1)", 'max_length': 1, 'actual_length': 4, 'table': 'cf_diario', 'subcategoria_id': 4}, {'field': 'cmes', 'row_index': 19, 'value': "'02'", 'error': "Campo 'cmes' excede longitud máxima (2/1)", 'max_length': 1, 'actual_length': 2, 'table': 'cf_diario', 'subcategoria_id': 4}, {'field': 'ccodori', 'row_index': 19, 'value': "'002'", 'error': "Campo 'ccodori' excede longitud máxima (3/1)", 'max_length': 1, 'actual_length': 3, 'table': 'cf_diario', 'subcategoria_id': 4}, {'field': 'ccodusu', 'row_index': 19, 'value': "'SISTEMAS'", 'error': "Campo 'ccodusu' excede longitud máxima (8/1)", 'max_length': 1, 'actual_length': 8, 'table': 'cf_diario', 'subcategoria_id': 4}, {'field': 'ccodsu', 'row_index': 19, 'value': "'14'", 'error': "Campo 'ccodsu' excede longitud máxima (2/1)", 'max_length': 1, 'actual_length': 2, 'table': 'cf_diario', 'subcategoria_id': 4}, {'field': 'cper', 'row_index': 20, 'value': "'2026'", 'error': "Campo 'cper' excede longitud máxima (4/1)", 'max_length': 1, 'actual_length': 4, 'table': 'cf_diario', 'subcategoria_id': 4}, {'field': 'cmes', 'row_index': 20, 'value': "'02'", 'error': "Campo 'cmes' excede longitud máxima (2/1)", 'max_length': 1, 'actual_length': 2, 'table': 'cf_diario', 'subcategoria_id': 4}, {'field': 'ccodori', 'row_index': 20, 'value': "'002'", 'error': "Campo 'ccodori' excede longitud máxima (3/1)", 'max_length': 1, 'actual_length': 3, 'table': 'cf_diario', 'subcategoria_id': 4}, {'field': 'ccodusu', 'row_index': 20, 'value': "'SISTEMAS'", 'error': "Campo 'ccodusu' excede longitud máxima (8/1)", 'max_length': 1, 'actual_length': 8, 'table': 'cf_diario', 'subcategoria_id': 4}, {'field': 'ccodsu', 'row_index': 20, 'value': "'14'", 'error': "Campo 'ccodsu' excede longitud máxima (2/1)", 'max_length': 1, 'actual_length': 2, 'table': 'cf_diario', 'subcategoria_id': 4}, {'field': 'cper', 'row_index': 21, 'value': "'2026'", 'error': "Campo 'cper' excede longitud máxima (4/1)", 'max_length': 1, 'actual_length': 4, 'table': 'cf_diario', 'subcategoria_id': 4}, {'field': 'cmes', 'row_index': 21, 'value': "'02'", 'error': "Campo 'cmes' excede longitud máxima (2/1)", 'max_length': 1, 'actual_length': 2, 'table': 'cf_diario', 'subcategoria_id': 4}, {'field': 'ccodori', 'row_index': 21, 'value': "'002'", 'error': "Campo 'ccodori' excede longitud máxima (3/1)", 'max_length': 1, 'actual_length': 3, 'table': 'cf_diario', 'subcategoria_id': 4}, {'field': 'ccodusu', 'row_index': 21, 'value': "'SISTEMAS'", 'error': "Campo 'ccodusu' excede longitud máxima (8/1)", 'max_length': 1, 'actual_length': 8, 'table': 'cf_diario', 'subcategoria_id': 4}, {'field': 'ccodsu', 'row_index': 21, 'value': "'14'", 'error': "Campo 'ccodsu' excede longitud máxima (2/1)", 'max_length': 1, 'actual_length': 2, 'table': 'cf_diario', 'subcategoria_id': 4}, {'field': 'cper', 'row_index': 22, 'value': "'2026'", 'error': "Campo 'cper' excede longitud máxima (4/1)", 'max_length': 1, 'actual_length': 4, 'table': 'cf_diario', 'subcategoria_id': 4}, {'field': 'cmes', 'row_index': 22, 'value': "'02'", 'error': "Campo 'cmes' excede longitud máxima (2/1)", 'max_length': 1, 'actual_length': 2, 'table': 'cf_diario', 'subcategoria_id': 4}, {'field': 'ccodori', 'row_index': 22, 'value': "'002'", 'error': "Campo 'ccodori' excede longitud máxima (3/1)", 'max_length': 1, 'actual_length': 3, 'table': 'cf_diario', 'subcategoria_id': 4}, {'field': 'ccodusu', 'row_index': 22, 'value': "'SISTEMAS'", 'error': "Campo 'ccodusu' excede longitud máxima (8/1)", 'max_length': 1, 'actual_length': 8, 'table': 'cf_diario', 'subcategoria_id': 4}, {'field': 'ccodsu', 'row_index': 22, 'value': "'14'", 'error': "Campo 'ccodsu' excede longitud máxima (2/1)", 'max_length': 1, 'actual_length': 2, 'table': 'cf_diario', 'subcategoria_id': 4}, {'field': 'cper', 'row_index': 23, 'value': "'2026'", 'error': "Campo 'cper' excede longitud máxima (4/1)", 'max_length': 1, 'actual_length': 4, 'table': 'cf_diario', 'subcategoria_id': 4}, {'field': 'cmes', 'row_index': 23, 'value': "'02'", 'error': "Campo 'cmes' excede longitud máxima (2/1)", 'max_length': 1, 'actual_length': 2, 'table': 'cf_diario', 'subcategoria_id': 4}, {'field': 'ccodori', 'row_index': 23, 'value': "'002'", 'error': "Campo 'ccodori' excede longitud máxima (3/1)", 'max_length': 1, 'actual_length': 3, 'table': 'cf_diario', 'subcategoria_id': 4}, {'field': 'ccodusu', 'row_index': 23, 'value': "'SISTEMAS'", 'error': "Campo 'ccodusu' excede longitud máxima (8/1)", 'max_length': 1, 'actual_length': 8, 'table': 'cf_diario', 'subcategoria_id': 4}, {'field': 'ccodsu', 'row_index': 23, 'value': "'14'", 'error': "Campo 'ccodsu' excede longitud máxima (2/1)", 'max_length': 1, 'actual_length': 2, 'table': 'cf_diario', 'subcategoria_id': 4}, {'field': 'cper', 'row_index': 24, 'value': "'2026'", 'error': "Campo 'cper' excede longitud máxima (4/1)", 'max_length': 1, 'actual_length': 4, 'table': 'cf_diario', 'subcategoria_id': 4}, {'field': 'cmes', 'row_index': 24, 'value': "'02'", 'error': "Campo 'cmes' excede longitud máxima (2/1)", 'max_length': 1, 'actual_length': 2, 'table': 'cf_diario', 'subcategoria_id': 4}, {'field': 'ccodori', 'row_index': 24, 'value': "'002'", 'error': "Campo 'ccodori' excede longitud máxima (3/1)", 'max_length': 1, 'actual_length': 3, 'table': 'cf_diario', 'subcategoria_id': 4}, {'field': 'ccodusu', 'row_index': 24, 'value': "'SISTEMAS'", 'error': "Campo 'ccodusu' excede longitud máxima (8/1)", 'max_length': 1, 'actual_length': 8, 'table': 'cf_diario', 'subcategoria_id': 4}, {'field': 'ccodsu', 'row_index': 24, 'value': "'14'", 'error': "Campo 'ccodsu' excede longitud máxima (2/1)", 'max_length': 1, 'actual_length': 2, 'table': 'cf_diario', 'subcategoria_id': 4}, {'field': 'cper', 'row_index': 25, 'value': "'2026'", 'error': "Campo 'cper' excede longitud máxima (4/1)", 'max_length': 1, 'actual_length': 4, 'table': 'cf_diario', 'subcategoria_id': 4}, {'field': 'cmes', 'row_index': 25, 'value': "'02'", 'error': "Campo 'cmes' excede longitud máxima (2/1)", 'max_length': 1, 'actual_length': 2, 'table': 'cf_diario', 'subcategoria_id': 4}, {'field': 'ccodori', 'row_index': 25, 'value': "'002'", 'error': "Campo 'ccodori' excede longitud máxima (3/1)", 'max_length': 1, 'actual_length': 3, 'table': 'cf_diario', 'subcategoria_id': 4}, {'field': 'ccodusu', 'row_index': 25, 'value': "'SISTEMAS'", 'error': "Campo 'ccodusu' excede longitud máxima (8/1)", 'max_length': 1, 'actual_length': 8, 'table': 'cf_diario', 'subcategoria_id': 4}, {'field': 'ccodsu', 'row_index': 25, 'value': "'14'", 'error': "Campo 'ccodsu' excede longitud máxima (2/1)", 'max_length': 1, 'actual_length': 2, 'table': 'cf_diario', 'subcategoria_id': 4}, {'field': 'cper', 'row_index': 26, 'value': "'2026'", 'error': "Campo 'cper' excede longitud máxima (4/1)", 'max_length': 1, 'actual_length': 4, 'table': 'cf_diario', 'subcategoria_id': 4}, {'field': 'cmes', 'row_index': 26, 'value': "'02'", 'error': "Campo 'cmes' excede longitud máxima (2/1)", 'max_length': 1, 'actual_length': 2, 'table': 'cf_diario', 'subcategoria_id': 4}, {'field': 'ccodori', 'row_index': 26, 'value': "'002'", 'error': "Campo 'ccodori' excede longitud máxima (3/1)", 'max_length': 1, 'actual_length': 3, 'table': 'cf_diario', 'subcategoria_id': 4}, {'field': 'ccodusu', 'row_index': 26, 'value': "'SISTEMAS'", 'error': "Campo 'ccodusu' excede longitud máxima (8/1)", 'max_length': 1, 'actual_length': 8, 'table': 'cf_diario', 'subcategoria_id': 4}, {'field': 'ccodsu', 'row_index': 26, 'value': "'14'", 'error': "Campo 'ccodsu' excede longitud máxima (2/1)", 'max_length': 1, 'actual_length': 2, 'table': 'cf_diario', 'subcategoria_id': 4}, {'field': 'cper', 'row_index': 27, 'value': "'2026'", 'error': "Campo 'cper' excede longitud máxima (4/1)", 'max_length': 1, 'actual_length': 4, 'table': 'cf_diario', 'subcategoria_id': 4}, {'field': 'cmes', 'row_index': 27, 'value': "'02'", 'error': "Campo 'cmes' excede longitud máxima (2/1)", 'max_length': 1, 'actual_length': 2, 'table': 'cf_diario', 'subcategoria_id': 4}, {'field': 'ccodori', 'row_index': 27, 'value': "'002'", 'error': "Campo 'ccodori' excede longitud máxima (3/1)", 'max_length': 1, 'actual_length': 3, 'table': 'cf_diario', 'subcategoria_id': 4}, {'field': 'ccodusu', 'row_index': 27, 'value': "'SISTEMAS'", 'error': "Campo 'ccodusu' excede longitud máxima (8/1)", 'max_length': 1, 'actual_length': 8, 'table': 'cf_diario', 'subcategoria_id': 4}, {'field': 'ccodsu', 'row_index': 27, 'value': "'14'", 'error': "Campo 'ccodsu' excede longitud máxima (2/1)", 'max_length': 1, 'actual_length': 2, 'table': 'cf_diario', 'subcategoria_id': 4}, {'field': 'cper', 'row_index': 28, 'value': "'2026'", 'error': "Campo 'cper' excede longitud máxima (4/1)", 'max_length': 1, 'actual_length': 4, 'table': 'cf_diario', 'subcategoria_id': 4}, {'field': 'cmes', 'row_index': 28, 'value': "'02'", 'error': "Campo 'cmes' excede longitud máxima (2/1)", 'max_length': 1, 'actual_length': 2, 'table': 'cf_diario', 'subcategoria_id': 4}, {'field': 'ccodori', 'row_index': 28, 'value': "'002'", 'error': "Campo 'ccodori' excede longitud máxima (3/1)", 'max_length': 1, 'actual_length': 3, 'table': 'cf_diario', 'subcategoria_id': 4}, {'field': 'ccodusu', 'row_index': 28, 'value': "'SISTEMAS'", 'error': "Campo 'ccodusu' excede longitud máxima (8/1)", 'max_length': 1, 'actual_length': 8, 'table': 'cf_diario', 'subcategoria_id': 4}, {'field': 'ccodsu', 'row_index': 28, 'value': "'14'", 'error': "Campo 'ccodsu' excede longitud máxima (2/1)", 'max_length': 1, 'actual_length': 2, 'table': 'cf_diario', 'subcategoria_id': 4}, {'field': 'cper', 'row_index': 29, 'value': "'2026'", 'error': "Campo 'cper' excede longitud máxima (4/1)", 'max_length': 1, 'actual_length': 4, 'table': 'cf_diario', 'subcategoria_id': 4}, {'field': 'cmes', 'row_index': 29, 'value': "'02'", 'error': "Campo 'cmes' excede longitud máxima (2/1)", 'max_length': 1, 'actual_length': 2, 'table': 'cf_diario', 'subcategoria_id': 4}, {'field': 'ccodori', 'row_index': 29, 'value': "'002'", 'error': "Campo 'ccodori' excede longitud máxima (3/1)", 'max_length': 1, 'actual_length': 3, 'table': 'cf_diario', 'subcategoria_id': 4}, {'field': 'ccodusu', 'row_index': 29, 'value': "'SISTEMAS'", 'error': "Campo 'ccodusu' excede longitud máxima (8/1)", 'max_length': 1, 'actual_length': 8, 'table': 'cf_diario', 'subcategoria_id': 4}, {'field': 'ccodsu', 'row_index': 29, 'value': "'14'", 'error': "Campo 'ccodsu' excede longitud máxima (2/1)", 'max_length': 1, 'actual_length': 2, 'table': 'cf_diario', 'subcategoria_id': 4}, {'field': 'cper', 'row_index': 30, 'value': "'2026'", 'error': "Campo 'cper' excede longitud máxima (4/1)", 'max_length': 1, 'actual_length': 4, 'table': 'cf_diario', 'subcategoria_id': 4}, {'field': 'cmes', 'row_index': 30, 'value': "'02'", 'error': "Campo 'cmes' excede longitud máxima (2/1)", 'max_length': 1, 'actual_length': 2, 'table': 'cf_diario', 'subcategoria_id': 4}, {'field': 'ccodori', 'row_index': 30, 'value': "'002'", 'error': "Campo 'ccodori' excede longitud máxima (3/1)", 'max_length': 1, 'actual_length': 3, 'table': 'cf_diario', 'subcategoria_id': 4}, {'field': 'ccodusu', 'row_index': 30, 'value': "'SISTEMAS'", 'error': "Campo 'ccodusu' excede longitud máxima (8/1)", 'max_length': 1, 'actual_length': 8, 'table': 'cf_diario', 'subcategoria_id': 4}, {'field': 'ccodsu', 'row_index': 30, 'value': "'14'", 'error': "Campo 'ccodsu' excede longitud máxima (2/1)", 'max_length': 1, 'actual_length': 2, 'table': 'cf_diario', 'subcategoria_id': 4}, {'field': 'cper', 'row_index': 31, 'value': "'2026'", 'error': "Campo 'cper' excede longitud máxima (4/1)", 'max_length': 1, 'actual_length': 4, 'table': 'cf_diario', 'subcategoria_id': 4}, {'field': 'cmes', 'row_index': 31, 'value': "'02'", 'error': "Campo 'cmes' excede longitud máxima (2/1)", 'max_length': 1, 'actual_length': 2, 'table': 'cf_diario', 'subcategoria_id': 4}, {'field': 'ccodori', 'row_index': 31, 'value': "'002'", 'error': "Campo 'ccodori' excede longitud máxima (3/1)", 'max_length': 1, 'actual_length': 3, 'table': 'cf_diario', 'subcategoria_id': 4}, {'field': 'ccodusu', 'row_index': 31, 'value': "'SISTEMAS'", 'error': "Campo 'ccodusu' excede longitud máxima (8/1)", 'max_length': 1, 'actual_length': 8, 'table': 'cf_diario', 'subcategoria_id': 4}, {'field': 'ccodsu', 'row_index': 31, 'value': "'14'", 'error': "Campo 'ccodsu' excede longitud máxima (2/1)", 'max_length': 1, 'actual_length': 2, 'table': 'cf_diario', 'subcategoria_id': 4}, {'field': 'cper', 'row_index': 32, 'value': "'2026'", 'error': "Campo 'cper' excede longitud máxima (4/1)", 'max_length': 1, 'actual_length': 4, 'table': 'cf_diario', 'subcategoria_id': 4}, {'field': 'cmes', 'row_index': 32, 'value': "'02'", 'error': "Campo 'cmes' excede longitud máxima (2/1)", 'max_length': 1, 'actual_length': 2, 'table': 'cf_diario', 'subcategoria_id': 4}, {'field': 'ccodori', 'row_index': 32, 'value': "'002'", 'error': "Campo 'ccodori' excede longitud máxima (3/1)", 'max_length': 1, 'actual_length': 3, 'table': 'cf_diario', 'subcategoria_id': 4}, {'field': 'ccodusu', 'row_index': 32, 'value': "'SISTEMAS'", 'error': "Campo 'ccodusu' excede longitud máxima (8/1)", 'max_length': 1, 'actual_length': 8, 'table': 'cf_diario', 'subcategoria_id': 4}, {'field': 'ccodsu', 'row_index': 32, 'value': "'14'", 'error': "Campo 'ccodsu' excede longitud máxima (2/1)", 'max_length': 1, 'actual_length': 2, 'table': 'cf_diario', 'subcategoria_id': 4}, {'field': 'cper', 'row_index': 33, 'value': "'2026'", 'error': "Campo 'cper' excede longitud máxima (4/1)", 'max_length': 1, 'actual_length': 4, 'table': 'cf_diario', 'subcategoria_id': 4}, {'field': 'cmes', 'row_index': 33, 'value': "'02'", 'error': "Campo 'cmes' excede longitud máxima (2/1)", 'max_length': 1, 'actual_length': 2, 'table': 'cf_diario', 'subcategoria_id': 4}, {'field': 'ccodori', 'row_index': 33, 'value': "'002'", 'error': "Campo 'ccodori' excede longitud máxima (3/1)", 'max_length': 1, 'actual_length': 3, 'table': 'cf_diario', 'subcategoria_id': 4}, {'field': 'ccodusu', 'row_index': 33, 'value': "'SISTEMAS'", 'error': "Campo 'ccodusu' excede longitud máxima (8/1)", 'max_length': 1, 'actual_length': 8, 'table': 'cf_diario', 'subcategoria_id': 4}, {'field': 'ccodsu', 'row_index': 33, 'value': "'14'", 'error': "Campo 'ccodsu' excede longitud máxima (2/1)", 'max_length': 1, 'actual_length': 2, 'table': 'cf_diario', 'subcategoria_id': 4}, {'field': 'cper', 'row_index': 34, 'value': "'2026'", 'error': "Campo 'cper' excede longitud máxima (4/1)", 'max_length': 1, 'actual_length': 4, 'table': 'cf_diario', 'subcategoria_id': 4}, {'field': 'cmes', 'row_index': 34, 'value': "'02'", 'error': "Campo 'cmes' excede longitud máxima (2/1)", 'max_length': 1, 'actual_length': 2, 'table': 'cf_diario', 'subcategoria_id': 4}, {'field': 'ccodori', 'row_index': 34, 'value': "'002'", 'error': "Campo 'ccodori' excede longitud máxima (3/1)", 'max_length': 1, 'actual_length': 3, 'table': 'cf_diario', 'subcategoria_id': 4}, {'field': 'ccodusu', 'row_index': 34, 'value': "'SISTEMAS'", 'error': "Campo 'ccodusu' excede longitud máxima (8/1)", 'max_length': 1, 'actual_length': 8, 'table': 'cf_diario', 'subcategoria_id': 4}, {'field': 'ccodsu', 'row_index': 34, 'value': "'14'", 'error': "Campo 'ccodsu' excede longitud máxima (2/1)", 'max_length': 1, 'actual_length': 2, 'table': 'cf_diario', 'subcategoria_id': 4}, {'field': 'cper', 'row_index': 35, 'value': "'2026'", 'error': "Campo 'cper' excede longitud máxima (4/1)", 'max_length': 1, 'actual_length': 4, 'table': 'cf_diario', 'subcategoria_id': 4}, {'field': 'cmes', 'row_index': 35, 'value': "'02'", 'error': "Campo 'cmes' excede longitud máxima (2/1)", 'max_length': 1, 'actual_length': 2, 'table': 'cf_diario', 'subcategoria_id': 4}, {'field': 'ccodori', 'row_index': 35, 'value': "'002'", 'error': "Campo 'ccodori' excede longitud máxima (3/1)", 'max_length': 1, 'actual_length': 3, 'table': 'cf_diario', 'subcategoria_id': 4}, {'field': 'ccodusu', 'row_index': 35, 'value': "'SISTEMAS'", 'error': "Campo 'ccodusu' excede longitud máxima (8/1)", 'max_length': 1, 'actual_length': 8, 'table': 'cf_diario', 'subcategoria_id': 4}, {'field': 'ccodsu', 'row_index': 35, 'value': "'14'", 'error': "Campo 'ccodsu' excede longitud máxima (2/1)", 'max_length': 1, 'actual_length': 2, 'table': 'cf_diario', 'subcategoria_id': 4}, {'field': 'cper', 'row_index': 36, 'value': "'2026'", 'error': "Campo 'cper' excede longitud máxima (4/1)", 'max_length': 1, 'actual_length': 4, 'table': 'cf_diario', 'subcategoria_id': 4}, {'field': 'cmes', 'row_index': 36, 'value': "'02'", 'error': "Campo 'cmes' excede longitud máxima (2/1)", 'max_length': 1, 'actual_length': 2, 'table': 'cf_diario', 'subcategoria_id': 4}, {'field': 'ccodori', 'row_index': 36, 'value': "'002'", 'error': "Campo 'ccodori' excede longitud máxima (3/1)", 'max_length': 1, 'actual_length': 3, 'table': 'cf_diario', 'subcategoria_id': 4}, {'field': 'ccodusu', 'row_index': 36, 'value': "'SISTEMAS'", 'error': "Campo 'ccodusu' excede longitud máxima (8/1)", 'max_length': 1, 'actual_length': 8, 'table': 'cf_diario', 'subcategoria_id': 4}, {'field': 'ccodsu', 'row_index': 36, 'value': "'14'", 'error': "Campo 'ccodsu' excede longitud máxima (2/1)", 'max_length': 1, 'actual_length': 2, 'table': 'cf_diario', 'subcategoria_id': 4}, {'field': 'cper', 'row_index': 37, 'value': "'2026'", 'error': "Campo 'cper' excede longitud máxima (4/1)", 'max_length': 1, 'actual_length': 4, 'table': 'cf_diario', 'subcategoria_id': 4}, {'field': 'cmes', 'row_index': 37, 'value': "'02'", 'error': "Campo 'cmes' excede longitud máxima (2/1)", 'max_length': 1, 'actual_length': 2, 'table': 'cf_diario', 'subcategoria_id': 4}, {'field': 'ccodori', 'row_index': 37, 'value': "'002'", 'error': "Campo 'ccodori' excede longitud máxima (3/1)", 'max_length': 1, 'actual_length': 3, 'table': 'cf_diario', 'subcategoria_id': 4}, {'field': 'ccodusu', 'row_index': 37, 'value': "'SISTEMAS'", 'error': "Campo 'ccodusu' excede longitud máxima (8/1)", 'max_length': 1, 'actual_length': 8, 'table': 'cf_diario', 'subcategoria_id': 4}, {'field': 'ccodsu', 'row_index': 37, 'value': "'14'", 'error': "Campo 'ccodsu' excede longitud máxima (2/1)", 'max_length': 1, 'actual_length': 2, 'table': 'cf_diario', 'subcategoria_id': 4}, {'field': 'cper', 'row_index': 38, 'value': "'2026'", 'error': "Campo 'cper' excede longitud máxima (4/1)", 'max_length': 1, 'actual_length': 4, 'table': 'cf_diario', 'subcategoria_id': 4}, {'field': 'cmes', 'row_index': 38, 'value': "'02'", 'error': "Campo 'cmes' excede longitud máxima (2/1)", 'max_length': 1, 'actual_length': 2, 'table': 'cf_diario', 'subcategoria_id': 4}, {'field': 'ccodori', 'row_index': 38, 'value': "'002'", 'error': "Campo 'ccodori' excede longitud máxima (3/1)", 'max_length': 1, 'actual_length': 3, 'table': 'cf_diario', 'subcategoria_id': 4}, {'field': 'ccodusu', 'row_index': 38, 'value': "'SISTEMAS'", 'error': "Campo 'ccodusu' excede longitud máxima (8/1)", 'max_length': 1, 'actual_length': 8, 'table': 'cf_diario', 'subcategoria_id': 4}, {'field': 'ccodsu', 'row_index': 38, 'value': "'14'", 'error': "Campo 'ccodsu' excede longitud máxima (2/1)", 'max_length': 1, 'actual_length': 2, 'table': 'cf_diario', 'subcategoria_id': 4}, {'field': 'cper', 'row_index': 39, 'value': "'2026'", 'error': "Campo 'cper' excede longitud máxima (4/1)", 'max_length': 1, 'actual_length': 4, 'table': 'cf_diario', 'subcategoria_id': 4}, {'field': 'cmes', 'row_index': 39, 'value': "'02'", 'error': "Campo 'cmes' excede longitud máxima (2/1)", 'max_length': 1, 'actual_length': 2, 'table': 'cf_diario', 'subcategoria_id': 4}, {'field': 'ccodori', 'row_index': 39, 'value': "'002'", 'error': "Campo 'ccodori' excede longitud máxima (3/1)", 'max_length': 1, 'actual_length': 3, 'table': 'cf_diario', 'subcategoria_id': 4}, {'field': 'ccodusu', 'row_index': 39, 'value': "'SISTEMAS'", 'error': "Campo 'ccodusu' excede longitud máxima (8/1)", 'max_length': 1, 'actual_length': 8, 'table': 'cf_diario', 'subcategoria_id': 4}, {'field': 'ccodsu', 'row_index': 39, 'value': "'14'", 'error': "Campo 'ccodsu' excede longitud máxima (2/1)", 'max_length': 1, 'actual_length': 2, 'table': 'cf_diario', 'subcategoria_id': 4}]}

2026-03-02 08:25:20.989149 | generate_to_cf_diariol CALLED: body={'company_id': 1, 'clear_previous': True}
2026-03-02 08:25:21.000569 | subcategoria_id=None (raw=None), company_id=1, clear=True
2026-03-02 08:25:21.005027 | subs_to_process count = 1: [4]
2026-03-02 09:31:58.062723 | generate_to_cf_diariol CALLED: body={'company_id': 1, 'clear_previous': True}
2026-03-02 09:31:58.063544 | subcategoria_id=None (raw=None), company_id=1, clear=True
2026-03-02 09:31:58.068699 | subs_to_process count = 1: [4]
2026-03-02 09:39:57.579065 | generate_to_cf_diariol CALLED: body={'company_id': 1, 'clear_previous': True}
2026-03-02 09:39:57.590647 | subcategoria_id=None (raw=None), company_id=1, clear=True
2026-03-02 09:39:57.595268 | subs_to_process count = 1: [4]
2026-03-02 09:40:56.756961 | generate_to_cf_diariol CALLED: body={'company_id': 1, 'clear_previous': True}
2026-03-02 09:40:56.757459 | subcategoria_id=None (raw=None), company_id=1, clear=True
2026-03-02 09:40:56.761274 | subs_to_process count = 1: [4]
2026-03-02 10:17:48.186582 | generate_to_cf_diariol CALLED: body={'company_id': 1, 'clear_previous': True}
2026-03-02 10:20:21.703354 | generate_to_cf_diariol CALLED: body={'company_id': 1, 'clear_previous': True, 'subcategoria_id': 4}
2026-03-02 10:21:31.096296 | generate_to_cf_diariol CALLED: body={'company_id': 1, 'clear_previous': True}
2026-03-02 11:50:01.368807 | generate_to_cf_diariol CALLED: body={'company_id': 1, 'clear_previous': True}
2026-03-02 11:50:01.380390 | subcategoria_id=None (raw=None), company_id=1, clear=True
2026-03-02 11:50:01.389035 | subs_to_process count = 1: [4]
2026-03-02 11:56:17.066282 | generate_to_cf_diariol CALLED: body={'company_id': 1, 'clear_previous': True}
2026-03-02 11:56:17.066773 | subcategoria_id=None (raw=None), company_id=1, clear=True
2026-03-02 11:56:17.070895 | subs_to_process count = 1: [4]
2026-03-02 12:00:01.112061 | generate_to_cf_diariol CALLED: body={'company_id': 1, 'clear_previous': True}
2026-03-02 12:00:01.112506 | subcategoria_id=None (raw=None), company_id=1, clear=True
2026-03-02 12:00:01.116657 | subs_to_process count = 1: [4]
2026-03-02 12:33:39.578810 | generate_to_cf_diariol CALLED: body={'company_id': 1, 'clear_previous': True}
2026-03-02 12:33:41.365664 | generate_to_cf_diariol CALLED: body={'company_id': 1, 'clear_previous': True}
2026-03-02 12:36:03.538897 | generate_to_cf_diariol CALLED: body={'company_id': 1, 'clear_previous': True}
2026-03-02 12:36:27.322527 | generate_to_cf_diariol CALLED: body={'company_id': 1, 'clear_previous': True}
2026-03-02 12:37:45.187376 | generate_to_cf_diariol CALLED: body={'company_id': 1, 'clear_previous': True}
2026-03-02 12:41:38.984285 | generate_to_cf_diariol CALLED: body={'company_id': 1, 'clear_previous': True}
2026-03-02 14:18:10.371761 | generate_to_cf_diariol CALLED: body={'company_id': 1, 'clear_previous': True}
2026-03-02 14:18:59.103948 | generate_to_cf_diariol CALLED: body={'company_id': 1, 'clear_previous': True}
2026-03-02 14:20:27.769847 | generate_to_cf_diariol CALLED: body={'company_id': 1, 'clear_previous': True}
2026-03-02 14:20:27.770253 | subcategoria_id=None (raw=None), company_id=1, clear=True
2026-03-02 14:20:27.876158 | subs_to_process count = 1: [4]
2026-03-02 14:23:17.042167 | generate_to_cf_diariol CALLED: body={'company_id': 1, 'clear_previous': True}
2026-03-02 14:23:17.042669 | subcategoria_id=None (raw=None), company_id=1, clear=True
2026-03-02 14:23:17.047962 | subs_to_process count = 1: [4]
2026-03-02 14:27:07.217026 | generate_to_cf_diariol CALLED: body={'subcategoria_id': 4, 'periodo': '2024', 'mes': '01'}
2026-03-02 14:27:07.217532 | subcategoria_id=4 (raw=4), company_id=None, clear=False
2026-03-02 14:27:07.222344 | subs_to_process count = 1: [4]
2026-03-02 14:29:00.801776 | generate_to_cf_diariol CALLED: body={'subcategoria_id': 4, 'periodo': '2024', 'mes': '01'}
2026-03-02 14:29:00.802311 | subcategoria_id=4 (raw=4), company_id=None, clear=False
2026-03-02 14:29:00.805912 | subs_to_process count = 1: [4]
2026-03-02 14:30:53.142512 | generate_to_cf_diariol CALLED: body={'company_id': 1, 'clear_previous': True}
2026-03-02 14:30:53.143119 | subcategoria_id=None (raw=None), company_id=1, clear=True
2026-03-02 14:30:53.147132 | subs_to_process count = 1: [4]
2026-03-02 14:34:59.295917 | generate_to_cf_diariol CALLED: body={'company_id': 1, 'clear_previous': True}
2026-03-02 14:34:59.296491 | subcategoria_id=None (raw=None), company_id=1, clear=True
2026-03-02 14:34:59.301198 | subs_to_process count = 1: [4]
2026-03-02 14:37:28.658133 | generate_to_cf_diariol CALLED: body={'company_id': 1, 'clear_previous': True}
2026-03-02 14:37:28.658609 | subcategoria_id=None (raw=None), company_id=1, clear=True
2026-03-02 14:37:28.663148 | subs_to_process count = 1: [4]
2026-03-02 14:43:12.398551 | generate_to_cf_diariol CALLED: body={'subcategoria_id': 4, 'periodo': '2024', 'mes': '01'}
2026-03-02 14:43:49.136605 | generate_to_cf_diariol CALLED: body={'subcategoria_id': 4, 'periodo': '2024', 'mes': '01'}
2026-03-02 15:15:36.585883 | generate_to_cf_diariol CALLED: body={'company_id': 1, 'clear_previous': True}
2026-03-02 15:15:38.253092 | generate_to_cf_diariol CALLED: body={'company_id': 1, 'clear_previous': True}
2026-03-02 15:15:39.001315 | generate_to_cf_diariol CALLED: body={'company_id': 1, 'clear_previous': True}
2026-03-02 15:15:40.126729 | generate_to_cf_diariol CALLED: body={'company_id': 1, 'clear_previous': True}
2026-03-02 15:19:18.720347 | generate_to_cf_diariol CALLED: body={'subcategoria_id': 4, 'periodo': '2024', 'mes': '01'}
2026-03-02 15:20:05.876157 | generate_to_cf_diariol CALLED: body={'subcategoria_id': 4, 'periodo': '2024', 'mes': '01'}
2026-03-02 15:22:15.118479 | generate_to_cf_diariol CALLED: body={'subcategoria_id': 4, 'periodo': '2024', 'mes': '01'}
2026-03-02 15:23:39.857777 | generate_to_cf_diariol CALLED: body={'subcategoria_id': 4, 'periodo': '2024', 'mes': '01'}
2026-03-02 15:26:30.160881 | generate_to_cf_diariol CALLED: body={'subcategoria_id': 4, 'periodo': '2024', 'mes': '01'}
2026-03-02 15:27:14.418470 | generate_to_cf_diariol CALLED: body={'subcategoria_id': 4, 'periodo': '2024', 'mes': '01'}
